/scratch/na00078/conda_envs/QuickCW/bin/python
/scratch/na00078/conda_envs/QuickCW/lib/python3.9/site-packages/pint/models/model_builder.py:198: UserWarning: Unrecognized parfile line 'EPHVER 5'
  warnings.warn(f"Unrecognized parfile line '{p_line}'", UserWarning)
2025-08-28 23:05:52.651 | DEBUG    | pint.toa:get_TOAs:193 - Using EPHEM = DE436 from the given model
2025-08-28 23:05:52.652 | DEBUG    | pint.toa:get_TOAs:209 - Using CLOCK = BIPM2015 from the given model
2025-08-28 23:05:52.747 | DEBUG    | pint.toa:__init__:1358 - No pulse number flags found in the TOAs
2025-08-28 23:05:52.748 | DEBUG    | pint.toa:apply_clock_corrections:2200 - Applying clock corrections (include_gps = True, include_bipm = True)
2025-08-28 23:05:52.759 | INFO     | pint.observatory:gps_correction:210 - Applying GPS to UTC clock correction (~few nanoseconds)
2025-08-28 23:05:52.759 | INFO     | pint.observatory:_load_gps_clock:92 - Loading global GPS clock file
2025-08-28 23:05:52.842 | DEBUG    | pint.observatory.clock_file:__init__:799 - Global clock file gps2utc.clk saving kwargs={'bogus_last_correction': False, 'valid_beyond_ends': False}
2025-08-28 23:05:52.887 | DEBUG    | pint.observatory.clock_file:read_tempo2_clock_file:456 - Loading TEMPO2-format observatory clock correction file gps2utc.clk (/users/na00078/.astropy/cache/download/url/d3c81b5766f4bfb84e65504c8a453085/contents) with bogus_last_correction=False
2025-08-28 23:05:52.916 | INFO     | pint.observatory:find_clock_file:919 - Using global clock file for gps2utc.clk with bogus_last_correction=False
2025-08-28 23:05:52.917 | INFO     | pint.observatory:bipm_correction:217 - Applying TT(TAI) to TT(BIPM2015) clock correction (~27 us)
2025-08-28 23:05:52.917 | INFO     | pint.observatory:_load_bipm_clock:103 - Loading BIPM clock version bipm2015
2025-08-28 23:05:52.919 | DEBUG    | pint.observatory.clock_file:__init__:799 - Global clock file tai2tt_bipm2015.clk saving kwargs={'bogus_last_correction': False, 'valid_beyond_ends': False}
2025-08-28 23:05:52.936 | DEBUG    | pint.observatory.clock_file:read_tempo2_clock_file:456 - Loading TEMPO2-format observatory clock correction file tai2tt_bipm2015.clk (/users/na00078/.astropy/cache/download/url/94025be78a02acb5d0227af8e5aaf453/contents) with bogus_last_correction=False
2025-08-28 23:05:52.940 | INFO     | pint.observatory:find_clock_file:919 - Using global clock file for tai2tt_bipm2015.clk with bogus_last_correction=False
2025-08-28 23:05:52.941 | INFO     | pint.observatory.topo_obs:clock_corrections:365 - Observatory axis requires no clock corrections.
2025-08-28 23:05:53.039 | DEBUG    | pint.toa:compute_TDBs:2251 - Computing TDB columns.
2025-08-28 23:05:53.039 | DEBUG    | pint.toa:compute_TDBs:2272 - Using EPHEM = DE436 for TDB calculation.
2025-08-28 23:05:53.069 | DEBUG    | pint.toa:get_TOAs:312 - Planet PosVels will be calculated.
2025-08-28 23:05:53.069 | DEBUG    | pint.toa:compute_posvels:2345 - Computing PosVels of observatories, Earth and planets, using DE436
2025-08-28 23:06:03.304 | INFO     | pint.solar_system_ephemerides:_load_kernel_link:55 - Set solar system ephemeris to de436 from download
2025-08-28 23:06:04.782 | DEBUG    | pint.toa:compute_posvels:2403 - SSB obs pos [-1.47858907e+11  1.19878695e+10  5.19237061e+09] m
2025-08-28 23:06:14.849 | INFO     | pint.solar_system_ephemerides:_load_kernel_link:55 - Set solar system ephemeris to de436 from download
2025-08-28 23:06:25.010 | INFO     | pint.solar_system_ephemerides:_load_kernel_link:55 - Set solar system ephemeris to de436 from download
2025-08-28 23:06:35.271 | INFO     | pint.solar_system_ephemerides:_load_kernel_link:55 - Set solar system ephemeris to de436 from download
2025-08-28 23:06:45.376 | INFO     | pint.solar_system_ephemerides:_load_kernel_link:55 - Set solar system ephemeris to de436 from download
2025-08-28 23:06:55.534 | INFO     | pint.solar_system_ephemerides:_load_kernel_link:55 - Set solar system ephemeris to de436 from download
2025-08-28 23:07:05.673 | INFO     | pint.solar_system_ephemerides:_load_kernel_link:55 - Set solar system ephemeris to de436 from download
2025-08-28 23:07:15.748 | INFO     | pint.solar_system_ephemerides:_load_kernel_link:55 - Set solar system ephemeris to de436 from download
2025-08-28 23:07:15.753 | DEBUG    | pint.toa:compute_posvels:2417 - Adding columns ssb_obs_pos ssb_obs_vel obs_sun_pos obs_jupiter_pos obs_saturn_pos obs_venus_pos obs_uranus_pos obs_neptune_pos obs_earth_pos
2025-08-28 23:07:15.809 | WARNING  | pint.models.troposphere_delay:_validate_altitudes:209 - Invalid altitude calculated for 96 TOAS
2025-08-28 23:07:15.875 | WARNING  | pint.models.troposphere_delay:_validate_altitudes:209 - Invalid altitude calculated for 96 TOAS
2025-08-28 23:07:15.890 | DEBUG    | pint.models.absolute_phase:get_TZR_toa:98 - Creating and dealing with the single TZR_toa for absolute phase
2025-08-28 23:07:15.893 | DEBUG    | pint.toa:__init__:1358 - No pulse number flags found in the TOAs
2025-08-28 23:07:15.893 | DEBUG    | pint.toa:apply_clock_corrections:2200 - Applying clock corrections (include_gps = True, include_bipm = True)
2025-08-28 23:07:15.894 | INFO     | pint.observatory:gps_correction:210 - Applying GPS to UTC clock correction (~few nanoseconds)
2025-08-28 23:07:15.894 | INFO     | pint.observatory:bipm_correction:217 - Applying TT(TAI) to TT(BIPM2021) clock correction (~27 us)
2025-08-28 23:07:15.895 | INFO     | pint.observatory:_load_bipm_clock:103 - Loading BIPM clock version bipm2021
2025-08-28 23:07:15.896 | DEBUG    | pint.observatory.clock_file:__init__:799 - Global clock file tai2tt_bipm2021.clk saving kwargs={'bogus_last_correction': False, 'valid_beyond_ends': False}
2025-08-28 23:07:15.914 | DEBUG    | pint.observatory.clock_file:read_tempo2_clock_file:456 - Loading TEMPO2-format observatory clock correction file tai2tt_bipm2021.clk (/users/na00078/.astropy/cache/download/url/e00edeef4edde217d65207a9abeb6a8c/contents) with bogus_last_correction=False
2025-08-28 23:07:15.921 | INFO     | pint.observatory:find_clock_file:919 - Using global clock file for tai2tt_bipm2021.clk with bogus_last_correction=False
2025-08-28 23:07:15.922 | INFO     | pint.observatory.topo_obs:clock_corrections:365 - Observatory axis requires no clock corrections.
2025-08-28 23:07:15.923 | DEBUG    | pint.toa:compute_TDBs:2251 - Computing TDB columns.
2025-08-28 23:07:15.923 | DEBUG    | pint.toa:compute_TDBs:2272 - Using EPHEM = DE436 for TDB calculation.
2025-08-28 23:07:15.926 | DEBUG    | pint.toa:compute_posvels:2345 - Computing PosVels of observatories, Earth and planets, using DE436
2025-08-28 23:07:25.997 | INFO     | pint.solar_system_ephemerides:_load_kernel_link:55 - Set solar system ephemeris to de436 from download
2025-08-28 23:07:26.005 | DEBUG    | pint.toa:compute_posvels:2403 - SSB obs pos [-8.36187371e+10  1.10811177e+11  4.80208109e+10] m
2025-08-28 23:07:36.068 | INFO     | pint.solar_system_ephemerides:_load_kernel_link:55 - Set solar system ephemeris to de436 from download
2025-08-28 23:07:46.091 | INFO     | pint.solar_system_ephemerides:_load_kernel_link:55 - Set solar system ephemeris to de436 from download
2025-08-28 23:07:56.112 | INFO     | pint.solar_system_ephemerides:_load_kernel_link:55 - Set solar system ephemeris to de436 from download
2025-08-28 23:08:06.133 | INFO     | pint.solar_system_ephemerides:_load_kernel_link:55 - Set solar system ephemeris to de436 from download
2025-08-28 23:08:16.157 | INFO     | pint.solar_system_ephemerides:_load_kernel_link:55 - Set solar system ephemeris to de436 from download
2025-08-28 23:08:26.179 | INFO     | pint.solar_system_ephemerides:_load_kernel_link:55 - Set solar system ephemeris to de436 from download
2025-08-28 23:08:36.202 | INFO     | pint.solar_system_ephemerides:_load_kernel_link:55 - Set solar system ephemeris to de436 from download
2025-08-28 23:08:36.204 | DEBUG    | pint.toa:compute_posvels:2417 - Adding columns ssb_obs_pos ssb_obs_vel obs_sun_pos obs_jupiter_pos obs_saturn_pos obs_venus_pos obs_uranus_pos obs_neptune_pos obs_earth_pos
2025-08-28 23:08:36.206 | DEBUG    | pint.models.absolute_phase:get_TZR_toa:121 - Done with TZR_toa
2025-08-28 23:08:36.287 | WARNING  | pint.models.troposphere_delay:_validate_altitudes:209 - Invalid altitude calculated for 96 TOAS
2025-08-28 23:08:36.353 | WARNING  | pint.models.troposphere_delay:_validate_altitudes:209 - Invalid altitude calculated for 96 TOAS
2025-08-28 23:08:36.420 | WARNING  | pint.models.troposphere_delay:_validate_altitudes:209 - Invalid altitude calculated for 96 TOAS
2025-08-28 23:08:36.486 | WARNING  | pint.models.troposphere_delay:_validate_altitudes:209 - Invalid altitude calculated for 96 TOAS
2025-08-28 23:08:36.552 | WARNING  | pint.models.troposphere_delay:_validate_altitudes:209 - Invalid altitude calculated for 96 TOAS
2025-08-28 23:08:36.619 | WARNING  | pint.models.troposphere_delay:_validate_altitudes:209 - Invalid altitude calculated for 96 TOAS
2025-08-28 23:08:36.694 | WARNING  | pint.models.troposphere_delay:_validate_altitudes:209 - Invalid altitude calculated for 96 TOAS
/scratch/na00078/conda_envs/QuickCW/lib/python3.9/site-packages/pint/models/model_builder.py:198: UserWarning: Unrecognized parfile line 'EPHVER 5'
  warnings.warn(f"Unrecognized parfile line '{p_line}'", UserWarning)
2025-08-28 23:08:36.746 | DEBUG    | pint.toa:get_TOAs:193 - Using EPHEM = DE436 from the given model
2025-08-28 23:08:36.746 | DEBUG    | pint.toa:get_TOAs:209 - Using CLOCK = BIPM2015 from the given model
2025-08-28 23:08:36.839 | DEBUG    | pint.toa:__init__:1358 - No pulse number flags found in the TOAs
2025-08-28 23:08:36.840 | DEBUG    | pint.toa:apply_clock_corrections:2200 - Applying clock corrections (include_gps = True, include_bipm = True)
2025-08-28 23:08:36.852 | INFO     | pint.observatory:gps_correction:210 - Applying GPS to UTC clock correction (~few nanoseconds)
2025-08-28 23:08:36.853 | INFO     | pint.observatory:bipm_correction:217 - Applying TT(TAI) to TT(BIPM2015) clock correction (~27 us)
2025-08-28 23:08:36.854 | INFO     | pint.observatory.topo_obs:clock_corrections:365 - Observatory axis requires no clock corrections.
2025-08-28 23:08:36.942 | DEBUG    | pint.toa:compute_TDBs:2251 - Computing TDB columns.
2025-08-28 23:08:36.942 | DEBUG    | pint.toa:compute_TDBs:2272 - Using EPHEM = DE436 for TDB calculation.
2025-08-28 23:08:36.971 | DEBUG    | pint.toa:get_TOAs:312 - Planet PosVels will be calculated.
2025-08-28 23:08:36.971 | DEBUG    | pint.toa:compute_posvels:2345 - Computing PosVels of observatories, Earth and planets, using DE436
2025-08-28 23:08:46.998 | INFO     | pint.solar_system_ephemerides:_load_kernel_link:55 - Set solar system ephemeris to de436 from download
2025-08-28 23:08:47.051 | DEBUG    | pint.toa:compute_posvels:2403 - SSB obs pos [-1.47386652e+11  1.55633667e+10  6.74802355e+09] m
2025-08-28 23:08:57.070 | INFO     | pint.solar_system_ephemerides:_load_kernel_link:55 - Set solar system ephemeris to de436 from download
2025-08-28 23:09:07.093 | INFO     | pint.solar_system_ephemerides:_load_kernel_link:55 - Set solar system ephemeris to de436 from download
2025-08-28 23:09:17.116 | INFO     | pint.solar_system_ephemerides:_load_kernel_link:55 - Set solar system ephemeris to de436 from download
2025-08-28 23:09:27.139 | INFO     | pint.solar_system_ephemerides:_load_kernel_link:55 - Set solar system ephemeris to de436 from download
2025-08-28 23:09:37.161 | INFO     | pint.solar_system_ephemerides:_load_kernel_link:55 - Set solar system ephemeris to de436 from download
2025-08-28 23:09:47.184 | INFO     | pint.solar_system_ephemerides:_load_kernel_link:55 - Set solar system ephemeris to de436 from download
2025-08-28 23:09:57.207 | INFO     | pint.solar_system_ephemerides:_load_kernel_link:55 - Set solar system ephemeris to de436 from download
2025-08-28 23:09:57.211 | DEBUG    | pint.toa:compute_posvels:2417 - Adding columns ssb_obs_pos ssb_obs_vel obs_sun_pos obs_jupiter_pos obs_saturn_pos obs_venus_pos obs_uranus_pos obs_neptune_pos obs_earth_pos
2025-08-28 23:09:57.266 | WARNING  | pint.models.troposphere_delay:_validate_altitudes:209 - Invalid altitude calculated for 89 TOAS
2025-08-28 23:09:57.337 | WARNING  | pint.models.troposphere_delay:_validate_altitudes:209 - Invalid altitude calculated for 89 TOAS
2025-08-28 23:09:57.369 | DEBUG    | pint.models.absolute_phase:get_TZR_toa:98 - Creating and dealing with the single TZR_toa for absolute phase
2025-08-28 23:09:57.372 | DEBUG    | pint.toa:__init__:1358 - No pulse number flags found in the TOAs
2025-08-28 23:09:57.373 | DEBUG    | pint.toa:apply_clock_corrections:2200 - Applying clock corrections (include_gps = True, include_bipm = True)
2025-08-28 23:09:57.374 | INFO     | pint.observatory:gps_correction:210 - Applying GPS to UTC clock correction (~few nanoseconds)
2025-08-28 23:09:57.374 | INFO     | pint.observatory:bipm_correction:217 - Applying TT(TAI) to TT(BIPM2021) clock correction (~27 us)
2025-08-28 23:09:57.375 | INFO     | pint.observatory.topo_obs:clock_corrections:365 - Observatory axis requires no clock corrections.
2025-08-28 23:09:57.376 | DEBUG    | pint.toa:compute_TDBs:2251 - Computing TDB columns.
2025-08-28 23:09:57.376 | DEBUG    | pint.toa:compute_TDBs:2272 - Using EPHEM = DE436 for TDB calculation.
2025-08-28 23:09:57.380 | DEBUG    | pint.toa:compute_posvels:2345 - Computing PosVels of observatories, Earth and planets, using DE436
2025-08-28 23:10:07.403 | INFO     | pint.solar_system_ephemerides:_load_kernel_link:55 - Set solar system ephemeris to de436 from download
2025-08-28 23:10:07.415 | DEBUG    | pint.toa:compute_posvels:2403 - SSB obs pos [ 1.18083041e+11 -8.67367935e+10 -3.75773704e+10] m
2025-08-28 23:10:17.435 | INFO     | pint.solar_system_ephemerides:_load_kernel_link:55 - Set solar system ephemeris to de436 from download
2025-08-28 23:10:27.458 | INFO     | pint.solar_system_ephemerides:_load_kernel_link:55 - Set solar system ephemeris to de436 from download
2025-08-28 23:10:37.480 | INFO     | pint.solar_system_ephemerides:_load_kernel_link:55 - Set solar system ephemeris to de436 from download
2025-08-28 23:10:47.506 | INFO     | pint.solar_system_ephemerides:_load_kernel_link:55 - Set solar system ephemeris to de436 from download
2025-08-28 23:10:57.528 | INFO     | pint.solar_system_ephemerides:_load_kernel_link:55 - Set solar system ephemeris to de436 from download
2025-08-28 23:11:07.552 | INFO     | pint.solar_system_ephemerides:_load_kernel_link:55 - Set solar system ephemeris to de436 from download
2025-08-28 23:11:17.575 | INFO     | pint.solar_system_ephemerides:_load_kernel_link:55 - Set solar system ephemeris to de436 from download
2025-08-28 23:11:17.578 | DEBUG    | pint.toa:compute_posvels:2417 - Adding columns ssb_obs_pos ssb_obs_vel obs_sun_pos obs_jupiter_pos obs_saturn_pos obs_venus_pos obs_uranus_pos obs_neptune_pos obs_earth_pos
2025-08-28 23:11:17.579 | DEBUG    | pint.models.absolute_phase:get_TZR_toa:121 - Done with TZR_toa
2025-08-28 23:11:17.786 | WARNING  | pint.models.troposphere_delay:_validate_altitudes:209 - Invalid altitude calculated for 89 TOAS
2025-08-28 23:11:17.863 | WARNING  | pint.models.troposphere_delay:_validate_altitudes:209 - Invalid altitude calculated for 89 TOAS
2025-08-28 23:11:17.943 | WARNING  | pint.models.troposphere_delay:_validate_altitudes:209 - Invalid altitude calculated for 89 TOAS
2025-08-28 23:11:18.024 | WARNING  | pint.models.troposphere_delay:_validate_altitudes:209 - Invalid altitude calculated for 89 TOAS
2025-08-28 23:11:18.105 | WARNING  | pint.models.troposphere_delay:_validate_altitudes:209 - Invalid altitude calculated for 89 TOAS
2025-08-28 23:11:18.188 | WARNING  | pint.models.troposphere_delay:_validate_altitudes:209 - Invalid altitude calculated for 89 TOAS
2025-08-28 23:11:18.310 | WARNING  | pint.models.troposphere_delay:_validate_altitudes:209 - Invalid altitude calculated for 89 TOAS
2025-08-28 23:11:18.429 | WARNING  | pint.models.troposphere_delay:_validate_altitudes:209 - Invalid altitude calculated for 89 TOAS
2025-08-28 23:11:18.547 | WARNING  | pint.models.troposphere_delay:_validate_altitudes:209 - Invalid altitude calculated for 89 TOAS
2025-08-28 23:11:18.669 | WARNING  | pint.models.troposphere_delay:_validate_altitudes:209 - Invalid altitude calculated for 89 TOAS
WARNING: Could not find pulsar distance for PSR J0034-0534. Setting value to 1 with 20% uncertainty.
2025-08-28 23:11:18.797 | WARNING  | pint.models.troposphere_delay:_validate_altitudes:209 - Invalid altitude calculated for 89 TOAS
/scratch/na00078/conda_envs/QuickCW/lib/python3.9/site-packages/pint/models/model_builder.py:198: UserWarning: Unrecognized parfile line 'EPHVER 5'
  warnings.warn(f"Unrecognized parfile line '{p_line}'", UserWarning)
2025-08-28 23:11:18.851 | DEBUG    | pint.toa:get_TOAs:193 - Using EPHEM = DE436 from the given model
2025-08-28 23:11:18.852 | DEBUG    | pint.toa:get_TOAs:209 - Using CLOCK = BIPM2015 from the given model
2025-08-28 23:11:18.929 | DEBUG    | pint.toa:__init__:1358 - No pulse number flags found in the TOAs
2025-08-28 23:11:18.930 | DEBUG    | pint.toa:apply_clock_corrections:2200 - Applying clock corrections (include_gps = True, include_bipm = True)
2025-08-28 23:11:18.941 | INFO     | pint.observatory:gps_correction:210 - Applying GPS to UTC clock correction (~few nanoseconds)
2025-08-28 23:11:18.942 | INFO     | pint.observatory:bipm_correction:217 - Applying TT(TAI) to TT(BIPM2015) clock correction (~27 us)
2025-08-28 23:11:18.943 | INFO     | pint.observatory.topo_obs:clock_corrections:365 - Observatory axis requires no clock corrections.
2025-08-28 23:11:19.035 | DEBUG    | pint.toa:compute_TDBs:2251 - Computing TDB columns.
2025-08-28 23:11:19.035 | DEBUG    | pint.toa:compute_TDBs:2272 - Using EPHEM = DE436 for TDB calculation.
2025-08-28 23:11:19.064 | DEBUG    | pint.toa:get_TOAs:312 - Planet PosVels will be calculated.
2025-08-28 23:11:19.064 | DEBUG    | pint.toa:compute_posvels:2345 - Computing PosVels of observatories, Earth and planets, using DE436
2025-08-28 23:11:29.089 | INFO     | pint.solar_system_ephemerides:_load_kernel_link:55 - Set solar system ephemeris to de436 from download
2025-08-28 23:11:29.148 | DEBUG    | pint.toa:compute_posvels:2403 - SSB obs pos [-1.47985523e+11  1.08820282e+10  4.71829677e+09] m
2025-08-28 23:11:39.168 | INFO     | pint.solar_system_ephemerides:_load_kernel_link:55 - Set solar system ephemeris to de436 from download
2025-08-28 23:11:49.196 | INFO     | pint.solar_system_ephemerides:_load_kernel_link:55 - Set solar system ephemeris to de436 from download
2025-08-28 23:11:59.219 | INFO     | pint.solar_system_ephemerides:_load_kernel_link:55 - Set solar system ephemeris to de436 from download
2025-08-28 23:12:09.241 | INFO     | pint.solar_system_ephemerides:_load_kernel_link:55 - Set solar system ephemeris to de436 from download
2025-08-28 23:12:19.264 | INFO     | pint.solar_system_ephemerides:_load_kernel_link:55 - Set solar system ephemeris to de436 from download
2025-08-28 23:12:29.287 | INFO     | pint.solar_system_ephemerides:_load_kernel_link:55 - Set solar system ephemeris to de436 from download
2025-08-28 23:12:39.312 | INFO     | pint.solar_system_ephemerides:_load_kernel_link:55 - Set solar system ephemeris to de436 from download
2025-08-28 23:12:39.315 | DEBUG    | pint.toa:compute_posvels:2417 - Adding columns ssb_obs_pos ssb_obs_vel obs_sun_pos obs_jupiter_pos obs_saturn_pos obs_venus_pos obs_uranus_pos obs_neptune_pos obs_earth_pos
2025-08-28 23:12:39.368 | WARNING  | pint.models.troposphere_delay:_validate_altitudes:209 - Invalid altitude calculated for 92 TOAS
2025-08-28 23:12:39.434 | WARNING  | pint.models.troposphere_delay:_validate_altitudes:209 - Invalid altitude calculated for 92 TOAS
2025-08-28 23:12:39.462 | DEBUG    | pint.models.absolute_phase:get_TZR_toa:98 - Creating and dealing with the single TZR_toa for absolute phase
2025-08-28 23:12:39.465 | DEBUG    | pint.toa:__init__:1358 - No pulse number flags found in the TOAs
2025-08-28 23:12:39.465 | DEBUG    | pint.toa:apply_clock_corrections:2200 - Applying clock corrections (include_gps = True, include_bipm = True)
2025-08-28 23:12:39.466 | INFO     | pint.observatory:gps_correction:210 - Applying GPS to UTC clock correction (~few nanoseconds)
2025-08-28 23:12:39.467 | INFO     | pint.observatory:bipm_correction:217 - Applying TT(TAI) to TT(BIPM2021) clock correction (~27 us)
2025-08-28 23:12:39.467 | INFO     | pint.observatory.topo_obs:clock_corrections:365 - Observatory axis requires no clock corrections.
2025-08-28 23:12:39.468 | DEBUG    | pint.toa:compute_TDBs:2251 - Computing TDB columns.
2025-08-28 23:12:39.468 | DEBUG    | pint.toa:compute_TDBs:2272 - Using EPHEM = DE436 for TDB calculation.
2025-08-28 23:12:39.471 | DEBUG    | pint.toa:compute_posvels:2345 - Computing PosVels of observatories, Earth and planets, using DE436
2025-08-28 23:12:49.493 | INFO     | pint.solar_system_ephemerides:_load_kernel_link:55 - Set solar system ephemeris to de436 from download
2025-08-28 23:12:49.503 | DEBUG    | pint.toa:compute_posvels:2403 - SSB obs pos [ 1.04682864e+11 -9.99752900e+10 -4.33096375e+10] m
2025-08-28 23:12:59.524 | INFO     | pint.solar_system_ephemerides:_load_kernel_link:55 - Set solar system ephemeris to de436 from download
2025-08-28 23:13:09.547 | INFO     | pint.solar_system_ephemerides:_load_kernel_link:55 - Set solar system ephemeris to de436 from download
2025-08-28 23:13:19.570 | INFO     | pint.solar_system_ephemerides:_load_kernel_link:55 - Set solar system ephemeris to de436 from download
2025-08-28 23:13:29.592 | INFO     | pint.solar_system_ephemerides:_load_kernel_link:55 - Set solar system ephemeris to de436 from download
2025-08-28 23:13:39.616 | INFO     | pint.solar_system_ephemerides:_load_kernel_link:55 - Set solar system ephemeris to de436 from download
2025-08-28 23:13:49.641 | INFO     | pint.solar_system_ephemerides:_load_kernel_link:55 - Set solar system ephemeris to de436 from download
2025-08-28 23:13:59.665 | INFO     | pint.solar_system_ephemerides:_load_kernel_link:55 - Set solar system ephemeris to de436 from download
2025-08-28 23:13:59.668 | DEBUG    | pint.toa:compute_posvels:2417 - Adding columns ssb_obs_pos ssb_obs_vel obs_sun_pos obs_jupiter_pos obs_saturn_pos obs_venus_pos obs_uranus_pos obs_neptune_pos obs_earth_pos
2025-08-28 23:13:59.672 | DEBUG    | pint.models.absolute_phase:get_TZR_toa:121 - Done with TZR_toa
2025-08-28 23:13:59.765 | WARNING  | pint.models.troposphere_delay:_validate_altitudes:209 - Invalid altitude calculated for 92 TOAS
2025-08-28 23:13:59.842 | WARNING  | pint.models.troposphere_delay:_validate_altitudes:209 - Invalid altitude calculated for 92 TOAS
2025-08-28 23:13:59.921 | WARNING  | pint.models.troposphere_delay:_validate_altitudes:209 - Invalid altitude calculated for 92 TOAS
2025-08-28 23:14:00.000 | WARNING  | pint.models.troposphere_delay:_validate_altitudes:209 - Invalid altitude calculated for 92 TOAS
2025-08-28 23:14:00.079 | WARNING  | pint.models.troposphere_delay:_validate_altitudes:209 - Invalid altitude calculated for 92 TOAS
2025-08-28 23:14:00.161 | WARNING  | pint.models.troposphere_delay:_validate_altitudes:209 - Invalid altitude calculated for 92 TOAS
2025-08-28 23:14:00.281 | WARNING  | pint.models.troposphere_delay:_validate_altitudes:209 - Invalid altitude calculated for 92 TOAS
2025-08-28 23:14:00.399 | WARNING  | pint.models.troposphere_delay:_validate_altitudes:209 - Invalid altitude calculated for 92 TOAS
2025-08-28 23:14:00.516 | WARNING  | pint.models.troposphere_delay:_validate_altitudes:209 - Invalid altitude calculated for 92 TOAS
2025-08-28 23:14:00.631 | WARNING  | pint.models.troposphere_delay:_validate_altitudes:209 - Invalid altitude calculated for 92 TOAS
WARNING: Could not find pulsar distance for PSR J0218+4232. Setting value to 1 with 20% uncertainty.
2025-08-28 23:14:00.752 | WARNING  | pint.models.troposphere_delay:_validate_altitudes:209 - Invalid altitude calculated for 92 TOAS
/scratch/na00078/conda_envs/QuickCW/lib/python3.9/site-packages/pint/models/model_builder.py:198: UserWarning: Unrecognized parfile line 'EPHVER 5'
  warnings.warn(f"Unrecognized parfile line '{p_line}'", UserWarning)
2025-08-28 23:14:00.836 | DEBUG    | pint.toa:get_TOAs:193 - Using EPHEM = DE436 from the given model
2025-08-28 23:14:00.837 | DEBUG    | pint.toa:get_TOAs:209 - Using CLOCK = BIPM2015 from the given model
2025-08-28 23:14:00.911 | DEBUG    | pint.toa:__init__:1358 - No pulse number flags found in the TOAs
2025-08-28 23:14:00.911 | DEBUG    | pint.toa:apply_clock_corrections:2200 - Applying clock corrections (include_gps = True, include_bipm = True)
2025-08-28 23:14:00.924 | INFO     | pint.observatory:gps_correction:210 - Applying GPS to UTC clock correction (~few nanoseconds)
2025-08-28 23:14:00.925 | INFO     | pint.observatory:bipm_correction:217 - Applying TT(TAI) to TT(BIPM2015) clock correction (~27 us)
2025-08-28 23:14:00.925 | INFO     | pint.observatory.topo_obs:clock_corrections:365 - Observatory axis requires no clock corrections.
2025-08-28 23:14:01.013 | DEBUG    | pint.toa:compute_TDBs:2251 - Computing TDB columns.
2025-08-28 23:14:01.013 | DEBUG    | pint.toa:compute_TDBs:2272 - Using EPHEM = DE436 for TDB calculation.
2025-08-28 23:14:01.047 | DEBUG    | pint.toa:get_TOAs:312 - Planet PosVels will be calculated.
2025-08-28 23:14:01.047 | DEBUG    | pint.toa:compute_posvels:2345 - Computing PosVels of observatories, Earth and planets, using DE436
2025-08-28 23:14:11.075 | INFO     | pint.solar_system_ephemerides:_load_kernel_link:55 - Set solar system ephemeris to de436 from download
2025-08-28 23:14:11.130 | DEBUG    | pint.toa:compute_posvels:2403 - SSB obs pos [-1.47975210e+11  1.09922494e+10  4.76572246e+09] m
2025-08-28 23:14:21.149 | INFO     | pint.solar_system_ephemerides:_load_kernel_link:55 - Set solar system ephemeris to de436 from download
2025-08-28 23:14:31.174 | INFO     | pint.solar_system_ephemerides:_load_kernel_link:55 - Set solar system ephemeris to de436 from download
2025-08-28 23:14:41.197 | INFO     | pint.solar_system_ephemerides:_load_kernel_link:55 - Set solar system ephemeris to de436 from download
2025-08-28 23:14:51.221 | INFO     | pint.solar_system_ephemerides:_load_kernel_link:55 - Set solar system ephemeris to de436 from download
2025-08-28 23:15:06.258 | INFO     | pint.solar_system_ephemerides:_load_kernel_link:55 - Set solar system ephemeris to de436 from download
2025-08-28 23:15:16.287 | INFO     | pint.solar_system_ephemerides:_load_kernel_link:55 - Set solar system ephemeris to de436 from download
2025-08-28 23:15:26.317 | INFO     | pint.solar_system_ephemerides:_load_kernel_link:55 - Set solar system ephemeris to de436 from download
2025-08-28 23:15:26.321 | DEBUG    | pint.toa:compute_posvels:2417 - Adding columns ssb_obs_pos ssb_obs_vel obs_sun_pos obs_jupiter_pos obs_saturn_pos obs_venus_pos obs_uranus_pos obs_neptune_pos obs_earth_pos
2025-08-28 23:15:26.374 | WARNING  | pint.models.troposphere_delay:_validate_altitudes:209 - Invalid altitude calculated for 79 TOAS
2025-08-28 23:15:26.438 | WARNING  | pint.models.troposphere_delay:_validate_altitudes:209 - Invalid altitude calculated for 79 TOAS
2025-08-28 23:15:26.466 | DEBUG    | pint.models.absolute_phase:get_TZR_toa:98 - Creating and dealing with the single TZR_toa for absolute phase
2025-08-28 23:15:26.468 | DEBUG    | pint.toa:__init__:1358 - No pulse number flags found in the TOAs
2025-08-28 23:15:26.469 | DEBUG    | pint.toa:apply_clock_corrections:2200 - Applying clock corrections (include_gps = True, include_bipm = True)
2025-08-28 23:15:26.470 | INFO     | pint.observatory:gps_correction:210 - Applying GPS to UTC clock correction (~few nanoseconds)
2025-08-28 23:15:26.470 | INFO     | pint.observatory:bipm_correction:217 - Applying TT(TAI) to TT(BIPM2021) clock correction (~27 us)
2025-08-28 23:15:26.471 | INFO     | pint.observatory.topo_obs:clock_corrections:365 - Observatory axis requires no clock corrections.
2025-08-28 23:15:26.472 | DEBUG    | pint.toa:compute_TDBs:2251 - Computing TDB columns.
2025-08-28 23:15:26.472 | DEBUG    | pint.toa:compute_TDBs:2272 - Using EPHEM = DE436 for TDB calculation.
2025-08-28 23:15:26.475 | DEBUG    | pint.toa:compute_posvels:2345 - Computing PosVels of observatories, Earth and planets, using DE436
2025-08-28 23:15:36.501 | INFO     | pint.solar_system_ephemerides:_load_kernel_link:55 - Set solar system ephemeris to de436 from download
2025-08-28 23:15:36.513 | DEBUG    | pint.toa:compute_posvels:2403 - SSB obs pos [ 1.18170471e+11 -8.66293806e+10 -3.75314753e+10] m
2025-08-28 23:15:46.538 | INFO     | pint.solar_system_ephemerides:_load_kernel_link:55 - Set solar system ephemeris to de436 from download
2025-08-28 23:15:56.565 | INFO     | pint.solar_system_ephemerides:_load_kernel_link:55 - Set solar system ephemeris to de436 from download
2025-08-28 23:16:06.594 | INFO     | pint.solar_system_ephemerides:_load_kernel_link:55 - Set solar system ephemeris to de436 from download
2025-08-28 23:16:16.621 | INFO     | pint.solar_system_ephemerides:_load_kernel_link:55 - Set solar system ephemeris to de436 from download
2025-08-28 23:16:26.649 | INFO     | pint.solar_system_ephemerides:_load_kernel_link:55 - Set solar system ephemeris to de436 from download
2025-08-28 23:16:36.674 | INFO     | pint.solar_system_ephemerides:_load_kernel_link:55 - Set solar system ephemeris to de436 from download
2025-08-28 23:16:46.700 | INFO     | pint.solar_system_ephemerides:_load_kernel_link:55 - Set solar system ephemeris to de436 from download
2025-08-28 23:16:46.703 | DEBUG    | pint.toa:compute_posvels:2417 - Adding columns ssb_obs_pos ssb_obs_vel obs_sun_pos obs_jupiter_pos obs_saturn_pos obs_venus_pos obs_uranus_pos obs_neptune_pos obs_earth_pos
2025-08-28 23:16:46.707 | DEBUG    | pint.models.absolute_phase:get_TZR_toa:121 - Done with TZR_toa
2025-08-28 23:16:46.800 | WARNING  | pint.models.troposphere_delay:_validate_altitudes:209 - Invalid altitude calculated for 79 TOAS
2025-08-28 23:16:46.878 | WARNING  | pint.models.troposphere_delay:_validate_altitudes:209 - Invalid altitude calculated for 79 TOAS
2025-08-28 23:16:46.957 | WARNING  | pint.models.troposphere_delay:_validate_altitudes:209 - Invalid altitude calculated for 79 TOAS
2025-08-28 23:16:47.038 | WARNING  | pint.models.troposphere_delay:_validate_altitudes:209 - Invalid altitude calculated for 79 TOAS
2025-08-28 23:16:47.118 | WARNING  | pint.models.troposphere_delay:_validate_altitudes:209 - Invalid altitude calculated for 79 TOAS
2025-08-28 23:16:47.196 | WARNING  | pint.models.troposphere_delay:_validate_altitudes:209 - Invalid altitude calculated for 79 TOAS
2025-08-28 23:16:47.278 | WARNING  | pint.models.troposphere_delay:_validate_altitudes:209 - Invalid altitude calculated for 79 TOAS
2025-08-28 23:16:47.397 | WARNING  | pint.models.troposphere_delay:_validate_altitudes:209 - Invalid altitude calculated for 79 TOAS
2025-08-28 23:16:47.513 | WARNING  | pint.models.troposphere_delay:_validate_altitudes:209 - Invalid altitude calculated for 79 TOAS
2025-08-28 23:16:47.632 | WARNING  | pint.models.troposphere_delay:_validate_altitudes:209 - Invalid altitude calculated for 79 TOAS
2025-08-28 23:16:47.752 | WARNING  | pint.models.troposphere_delay:_validate_altitudes:209 - Invalid altitude calculated for 79 TOAS
2025-08-28 23:16:47.868 | WARNING  | pint.models.troposphere_delay:_validate_altitudes:209 - Invalid altitude calculated for 79 TOAS
2025-08-28 23:16:47.984 | WARNING  | pint.models.troposphere_delay:_validate_altitudes:209 - Invalid altitude calculated for 79 TOAS
2025-08-28 23:16:48.102 | WARNING  | pint.models.troposphere_delay:_validate_altitudes:209 - Invalid altitude calculated for 79 TOAS
2025-08-28 23:16:48.223 | WARNING  | pint.models.troposphere_delay:_validate_altitudes:209 - Invalid altitude calculated for 79 TOAS
/scratch/na00078/conda_envs/QuickCW/lib/python3.9/site-packages/pint/models/model_builder.py:198: UserWarning: Unrecognized parfile line 'EPHVER 5'
  warnings.warn(f"Unrecognized parfile line '{p_line}'", UserWarning)
2025-08-28 23:16:48.276 | DEBUG    | pint.toa:get_TOAs:193 - Using EPHEM = DE436 from the given model
2025-08-28 23:16:48.276 | DEBUG    | pint.toa:get_TOAs:209 - Using CLOCK = BIPM2015 from the given model
2025-08-28 23:16:48.406 | DEBUG    | pint.toa:__init__:1358 - No pulse number flags found in the TOAs
2025-08-28 23:16:48.407 | DEBUG    | pint.toa:apply_clock_corrections:2200 - Applying clock corrections (include_gps = True, include_bipm = True)
2025-08-28 23:16:48.419 | INFO     | pint.observatory:gps_correction:210 - Applying GPS to UTC clock correction (~few nanoseconds)
2025-08-28 23:16:48.420 | INFO     | pint.observatory:bipm_correction:217 - Applying TT(TAI) to TT(BIPM2015) clock correction (~27 us)
2025-08-28 23:16:48.420 | INFO     | pint.observatory.topo_obs:clock_corrections:365 - Observatory axis requires no clock corrections.
2025-08-28 23:16:48.508 | DEBUG    | pint.toa:compute_TDBs:2251 - Computing TDB columns.
2025-08-28 23:16:48.508 | DEBUG    | pint.toa:compute_TDBs:2272 - Using EPHEM = DE436 for TDB calculation.
2025-08-28 23:16:48.538 | DEBUG    | pint.toa:get_TOAs:312 - Planet PosVels will be calculated.
2025-08-28 23:16:48.538 | DEBUG    | pint.toa:compute_posvels:2345 - Computing PosVels of observatories, Earth and planets, using DE436
2025-08-28 23:16:58.580 | INFO     | pint.solar_system_ephemerides:_load_kernel_link:55 - Set solar system ephemeris to de436 from download
2025-08-28 23:16:58.636 | DEBUG    | pint.toa:compute_posvels:2403 - SSB obs pos [-1.47233705e+11  1.65848828e+10  7.18554125e+09] m
2025-08-28 23:17:08.676 | INFO     | pint.solar_system_ephemerides:_load_kernel_link:55 - Set solar system ephemeris to de436 from download
2025-08-28 23:17:18.716 | INFO     | pint.solar_system_ephemerides:_load_kernel_link:55 - Set solar system ephemeris to de436 from download
2025-08-28 23:17:28.748 | INFO     | pint.solar_system_ephemerides:_load_kernel_link:55 - Set solar system ephemeris to de436 from download
2025-08-28 23:17:38.777 | INFO     | pint.solar_system_ephemerides:_load_kernel_link:55 - Set solar system ephemeris to de436 from download
2025-08-28 23:17:48.821 | INFO     | pint.solar_system_ephemerides:_load_kernel_link:55 - Set solar system ephemeris to de436 from download
2025-08-28 23:17:58.848 | INFO     | pint.solar_system_ephemerides:_load_kernel_link:55 - Set solar system ephemeris to de436 from download
2025-08-28 23:18:08.878 | INFO     | pint.solar_system_ephemerides:_load_kernel_link:55 - Set solar system ephemeris to de436 from download
2025-08-28 23:18:08.883 | DEBUG    | pint.toa:compute_posvels:2417 - Adding columns ssb_obs_pos ssb_obs_vel obs_sun_pos obs_jupiter_pos obs_saturn_pos obs_venus_pos obs_uranus_pos obs_neptune_pos obs_earth_pos
2025-08-28 23:18:08.936 | WARNING  | pint.models.troposphere_delay:_validate_altitudes:209 - Invalid altitude calculated for 96 TOAS
2025-08-28 23:18:08.999 | WARNING  | pint.models.troposphere_delay:_validate_altitudes:209 - Invalid altitude calculated for 96 TOAS
2025-08-28 23:18:09.058 | DEBUG    | pint.models.absolute_phase:get_TZR_toa:98 - Creating and dealing with the single TZR_toa for absolute phase
2025-08-28 23:18:09.061 | DEBUG    | pint.toa:__init__:1358 - No pulse number flags found in the TOAs
2025-08-28 23:18:09.061 | DEBUG    | pint.toa:apply_clock_corrections:2200 - Applying clock corrections (include_gps = True, include_bipm = True)
2025-08-28 23:18:09.062 | INFO     | pint.observatory:gps_correction:210 - Applying GPS to UTC clock correction (~few nanoseconds)
2025-08-28 23:18:09.063 | INFO     | pint.observatory:bipm_correction:217 - Applying TT(TAI) to TT(BIPM2021) clock correction (~27 us)
2025-08-28 23:18:09.063 | INFO     | pint.observatory.topo_obs:clock_corrections:365 - Observatory axis requires no clock corrections.
2025-08-28 23:18:09.064 | DEBUG    | pint.toa:compute_TDBs:2251 - Computing TDB columns.
2025-08-28 23:18:09.064 | DEBUG    | pint.toa:compute_TDBs:2272 - Using EPHEM = DE436 for TDB calculation.
2025-08-28 23:18:09.067 | DEBUG    | pint.toa:compute_posvels:2345 - Computing PosVels of observatories, Earth and planets, using DE436
2025-08-28 23:18:19.103 | INFO     | pint.solar_system_ephemerides:_load_kernel_link:55 - Set solar system ephemeris to de436 from download
2025-08-28 23:18:19.116 | DEBUG    | pint.toa:compute_posvels:2403 - SSB obs pos [-6.08719481e+10  1.22999286e+11  5.33034254e+10] m
2025-08-28 23:18:29.139 | INFO     | pint.solar_system_ephemerides:_load_kernel_link:55 - Set solar system ephemeris to de436 from download
2025-08-28 23:18:39.166 | INFO     | pint.solar_system_ephemerides:_load_kernel_link:55 - Set solar system ephemeris to de436 from download
2025-08-28 23:18:49.195 | INFO     | pint.solar_system_ephemerides:_load_kernel_link:55 - Set solar system ephemeris to de436 from download
2025-08-28 23:18:59.223 | INFO     | pint.solar_system_ephemerides:_load_kernel_link:55 - Set solar system ephemeris to de436 from download
2025-08-28 23:19:09.251 | INFO     | pint.solar_system_ephemerides:_load_kernel_link:55 - Set solar system ephemeris to de436 from download
2025-08-28 23:19:19.279 | INFO     | pint.solar_system_ephemerides:_load_kernel_link:55 - Set solar system ephemeris to de436 from download
2025-08-28 23:19:29.304 | INFO     | pint.solar_system_ephemerides:_load_kernel_link:55 - Set solar system ephemeris to de436 from download
2025-08-28 23:19:29.307 | DEBUG    | pint.toa:compute_posvels:2417 - Adding columns ssb_obs_pos ssb_obs_vel obs_sun_pos obs_jupiter_pos obs_saturn_pos obs_venus_pos obs_uranus_pos obs_neptune_pos obs_earth_pos
2025-08-28 23:19:29.308 | DEBUG    | pint.models.absolute_phase:get_TZR_toa:121 - Done with TZR_toa
2025-08-28 23:19:29.407 | WARNING  | pint.models.troposphere_delay:_validate_altitudes:209 - Invalid altitude calculated for 96 TOAS
2025-08-28 23:19:29.486 | WARNING  | pint.models.troposphere_delay:_validate_altitudes:209 - Invalid altitude calculated for 96 TOAS
2025-08-28 23:19:29.569 | WARNING  | pint.models.troposphere_delay:_validate_altitudes:209 - Invalid altitude calculated for 96 TOAS
2025-08-28 23:19:29.651 | WARNING  | pint.models.troposphere_delay:_validate_altitudes:209 - Invalid altitude calculated for 96 TOAS
2025-08-28 23:19:29.734 | WARNING  | pint.models.troposphere_delay:_validate_altitudes:209 - Invalid altitude calculated for 96 TOAS
2025-08-28 23:19:29.819 | WARNING  | pint.models.troposphere_delay:_validate_altitudes:209 - Invalid altitude calculated for 96 TOAS
2025-08-28 23:19:29.960 | WARNING  | pint.models.troposphere_delay:_validate_altitudes:209 - Invalid altitude calculated for 96 TOAS
2025-08-28 23:19:30.078 | WARNING  | pint.models.troposphere_delay:_validate_altitudes:209 - Invalid altitude calculated for 96 TOAS
2025-08-28 23:19:30.212 | WARNING  | pint.models.troposphere_delay:_validate_altitudes:209 - Invalid altitude calculated for 96 TOAS
2025-08-28 23:19:30.357 | WARNING  | pint.models.troposphere_delay:_validate_altitudes:209 - Invalid altitude calculated for 96 TOAS
2025-08-28 23:19:30.482 | WARNING  | pint.models.troposphere_delay:_validate_altitudes:209 - Invalid altitude calculated for 96 TOAS
WARNING: Could not find pulsar distance for PSR J0621+1002. Setting value to 1 with 20% uncertainty.
2025-08-28 23:19:30.613 | WARNING  | pint.models.troposphere_delay:_validate_altitudes:209 - Invalid altitude calculated for 96 TOAS
/scratch/na00078/conda_envs/QuickCW/lib/python3.9/site-packages/pint/models/model_builder.py:198: UserWarning: Unrecognized parfile line 'EPHVER 5'
  warnings.warn(f"Unrecognized parfile line '{p_line}'", UserWarning)
2025-08-28 23:19:30.663 | DEBUG    | pint.toa:get_TOAs:193 - Using EPHEM = DE436 from the given model
2025-08-28 23:19:30.664 | DEBUG    | pint.toa:get_TOAs:209 - Using CLOCK = BIPM2015 from the given model
2025-08-28 23:19:30.743 | DEBUG    | pint.toa:__init__:1358 - No pulse number flags found in the TOAs
2025-08-28 23:19:30.744 | DEBUG    | pint.toa:apply_clock_corrections:2200 - Applying clock corrections (include_gps = True, include_bipm = True)
2025-08-28 23:19:30.757 | INFO     | pint.observatory:gps_correction:210 - Applying GPS to UTC clock correction (~few nanoseconds)
2025-08-28 23:19:30.758 | INFO     | pint.observatory:bipm_correction:217 - Applying TT(TAI) to TT(BIPM2015) clock correction (~27 us)
2025-08-28 23:19:30.758 | INFO     | pint.observatory.topo_obs:clock_corrections:365 - Observatory axis requires no clock corrections.
2025-08-28 23:19:30.848 | DEBUG    | pint.toa:compute_TDBs:2251 - Computing TDB columns.
2025-08-28 23:19:30.848 | DEBUG    | pint.toa:compute_TDBs:2272 - Using EPHEM = DE436 for TDB calculation.
2025-08-28 23:19:30.879 | DEBUG    | pint.toa:get_TOAs:312 - Planet PosVels will be calculated.
2025-08-28 23:19:30.879 | DEBUG    | pint.toa:compute_posvels:2345 - Computing PosVels of observatories, Earth and planets, using DE436
2025-08-28 23:19:40.911 | INFO     | pint.solar_system_ephemerides:_load_kernel_link:55 - Set solar system ephemeris to de436 from download
2025-08-28 23:19:40.965 | DEBUG    | pint.toa:compute_posvels:2403 - SSB obs pos [-1.48143798e+11  9.37033700e+09  4.05798951e+09] m
2025-08-28 23:19:50.991 | INFO     | pint.solar_system_ephemerides:_load_kernel_link:55 - Set solar system ephemeris to de436 from download
2025-08-28 23:20:01.019 | INFO     | pint.solar_system_ephemerides:_load_kernel_link:55 - Set solar system ephemeris to de436 from download
2025-08-28 23:20:11.046 | INFO     | pint.solar_system_ephemerides:_load_kernel_link:55 - Set solar system ephemeris to de436 from download
2025-08-28 23:20:21.073 | INFO     | pint.solar_system_ephemerides:_load_kernel_link:55 - Set solar system ephemeris to de436 from download
2025-08-28 23:20:31.103 | INFO     | pint.solar_system_ephemerides:_load_kernel_link:55 - Set solar system ephemeris to de436 from download
2025-08-28 23:20:41.130 | INFO     | pint.solar_system_ephemerides:_load_kernel_link:55 - Set solar system ephemeris to de436 from download
2025-08-28 23:20:51.158 | INFO     | pint.solar_system_ephemerides:_load_kernel_link:55 - Set solar system ephemeris to de436 from download
2025-08-28 23:20:51.163 | DEBUG    | pint.toa:compute_posvels:2417 - Adding columns ssb_obs_pos ssb_obs_vel obs_sun_pos obs_jupiter_pos obs_saturn_pos obs_venus_pos obs_uranus_pos obs_neptune_pos obs_earth_pos
2025-08-28 23:20:51.217 | WARNING  | pint.models.troposphere_delay:_validate_altitudes:209 - Invalid altitude calculated for 97 TOAS
2025-08-28 23:20:51.285 | WARNING  | pint.models.troposphere_delay:_validate_altitudes:209 - Invalid altitude calculated for 97 TOAS
2025-08-28 23:20:51.301 | DEBUG    | pint.models.absolute_phase:get_TZR_toa:98 - Creating and dealing with the single TZR_toa for absolute phase
2025-08-28 23:20:51.303 | DEBUG    | pint.toa:__init__:1358 - No pulse number flags found in the TOAs
2025-08-28 23:20:51.303 | DEBUG    | pint.toa:apply_clock_corrections:2200 - Applying clock corrections (include_gps = True, include_bipm = True)
2025-08-28 23:20:51.304 | INFO     | pint.observatory:gps_correction:210 - Applying GPS to UTC clock correction (~few nanoseconds)
2025-08-28 23:20:51.305 | INFO     | pint.observatory:bipm_correction:217 - Applying TT(TAI) to TT(BIPM2021) clock correction (~27 us)
2025-08-28 23:20:51.305 | INFO     | pint.observatory.topo_obs:clock_corrections:365 - Observatory axis requires no clock corrections.
2025-08-28 23:20:51.306 | DEBUG    | pint.toa:compute_TDBs:2251 - Computing TDB columns.
2025-08-28 23:20:51.306 | DEBUG    | pint.toa:compute_TDBs:2272 - Using EPHEM = DE436 for TDB calculation.
2025-08-28 23:20:51.309 | DEBUG    | pint.toa:compute_posvels:2345 - Computing PosVels of observatories, Earth and planets, using DE436
2025-08-28 23:21:01.335 | INFO     | pint.solar_system_ephemerides:_load_kernel_link:55 - Set solar system ephemeris to de436 from download
2025-08-28 23:21:01.344 | DEBUG    | pint.toa:compute_posvels:2403 - SSB obs pos [-1.40418174e+11  4.19528144e+10  1.81699917e+10] m
2025-08-28 23:21:11.368 | INFO     | pint.solar_system_ephemerides:_load_kernel_link:55 - Set solar system ephemeris to de436 from download
2025-08-28 23:21:21.396 | INFO     | pint.solar_system_ephemerides:_load_kernel_link:55 - Set solar system ephemeris to de436 from download
2025-08-28 23:21:31.435 | INFO     | pint.solar_system_ephemerides:_load_kernel_link:55 - Set solar system ephemeris to de436 from download
2025-08-28 23:21:41.474 | INFO     | pint.solar_system_ephemerides:_load_kernel_link:55 - Set solar system ephemeris to de436 from download
2025-08-28 23:21:51.501 | INFO     | pint.solar_system_ephemerides:_load_kernel_link:55 - Set solar system ephemeris to de436 from download
2025-08-28 23:22:01.529 | INFO     | pint.solar_system_ephemerides:_load_kernel_link:55 - Set solar system ephemeris to de436 from download
2025-08-28 23:22:11.590 | INFO     | pint.solar_system_ephemerides:_load_kernel_link:55 - Set solar system ephemeris to de436 from download
2025-08-28 23:22:11.592 | DEBUG    | pint.toa:compute_posvels:2417 - Adding columns ssb_obs_pos ssb_obs_vel obs_sun_pos obs_jupiter_pos obs_saturn_pos obs_venus_pos obs_uranus_pos obs_neptune_pos obs_earth_pos
2025-08-28 23:22:11.594 | DEBUG    | pint.models.absolute_phase:get_TZR_toa:121 - Done with TZR_toa
2025-08-28 23:22:11.679 | WARNING  | pint.models.troposphere_delay:_validate_altitudes:209 - Invalid altitude calculated for 97 TOAS
2025-08-28 23:22:11.744 | WARNING  | pint.models.troposphere_delay:_validate_altitudes:209 - Invalid altitude calculated for 97 TOAS
2025-08-28 23:22:11.812 | WARNING  | pint.models.troposphere_delay:_validate_altitudes:209 - Invalid altitude calculated for 97 TOAS
2025-08-28 23:22:11.881 | WARNING  | pint.models.troposphere_delay:_validate_altitudes:209 - Invalid altitude calculated for 97 TOAS
2025-08-28 23:22:11.949 | WARNING  | pint.models.troposphere_delay:_validate_altitudes:209 - Invalid altitude calculated for 97 TOAS
2025-08-28 23:22:12.025 | WARNING  | pint.models.troposphere_delay:_validate_altitudes:209 - Invalid altitude calculated for 97 TOAS
/scratch/na00078/conda_envs/QuickCW/lib/python3.9/site-packages/pint/models/model_builder.py:198: UserWarning: Unrecognized parfile line 'EPHVER 5'
  warnings.warn(f"Unrecognized parfile line '{p_line}'", UserWarning)
/scratch/na00078/conda_envs/QuickCW/lib/python3.9/site-packages/pint/models/model_builder.py:198: UserWarning: Unrecognized parfile line 'STIG 0.97511634329476437301 1 0.03022551515900409949'
  warnings.warn(f"Unrecognized parfile line '{p_line}'", UserWarning)
2025-08-28 23:22:12.082 | DEBUG    | pint.toa:get_TOAs:193 - Using EPHEM = DE436 from the given model
2025-08-28 23:22:12.082 | DEBUG    | pint.toa:get_TOAs:209 - Using CLOCK = BIPM2015 from the given model
2025-08-28 23:22:12.164 | DEBUG    | pint.toa:__init__:1358 - No pulse number flags found in the TOAs
2025-08-28 23:22:12.165 | DEBUG    | pint.toa:apply_clock_corrections:2200 - Applying clock corrections (include_gps = True, include_bipm = True)
2025-08-28 23:22:12.178 | INFO     | pint.observatory:gps_correction:210 - Applying GPS to UTC clock correction (~few nanoseconds)
2025-08-28 23:22:12.179 | INFO     | pint.observatory:bipm_correction:217 - Applying TT(TAI) to TT(BIPM2015) clock correction (~27 us)
2025-08-28 23:22:12.179 | INFO     | pint.observatory.topo_obs:clock_corrections:365 - Observatory axis requires no clock corrections.
2025-08-28 23:22:12.271 | DEBUG    | pint.toa:compute_TDBs:2251 - Computing TDB columns.
2025-08-28 23:22:12.271 | DEBUG    | pint.toa:compute_TDBs:2272 - Using EPHEM = DE436 for TDB calculation.
2025-08-28 23:22:12.304 | DEBUG    | pint.toa:get_TOAs:312 - Planet PosVels will be calculated.
2025-08-28 23:22:12.304 | DEBUG    | pint.toa:compute_posvels:2345 - Computing PosVels of observatories, Earth and planets, using DE436
2025-08-28 23:22:22.333 | INFO     | pint.solar_system_ephemerides:_load_kernel_link:55 - Set solar system ephemeris to de436 from download
2025-08-28 23:22:22.386 | DEBUG    | pint.toa:compute_posvels:2403 - SSB obs pos [-1.48437916e+11  5.66577162e+09  2.45561198e+09] m
2025-08-28 23:22:32.411 | INFO     | pint.solar_system_ephemerides:_load_kernel_link:55 - Set solar system ephemeris to de436 from download
2025-08-28 23:22:42.438 | INFO     | pint.solar_system_ephemerides:_load_kernel_link:55 - Set solar system ephemeris to de436 from download
2025-08-28 23:22:52.465 | INFO     | pint.solar_system_ephemerides:_load_kernel_link:55 - Set solar system ephemeris to de436 from download
2025-08-28 23:23:02.494 | INFO     | pint.solar_system_ephemerides:_load_kernel_link:55 - Set solar system ephemeris to de436 from download
2025-08-28 23:23:12.530 | INFO     | pint.solar_system_ephemerides:_load_kernel_link:55 - Set solar system ephemeris to de436 from download
2025-08-28 23:23:22.567 | INFO     | pint.solar_system_ephemerides:_load_kernel_link:55 - Set solar system ephemeris to de436 from download
2025-08-28 23:23:32.593 | INFO     | pint.solar_system_ephemerides:_load_kernel_link:55 - Set solar system ephemeris to de436 from download
2025-08-28 23:23:32.596 | DEBUG    | pint.toa:compute_posvels:2417 - Adding columns ssb_obs_pos ssb_obs_vel obs_sun_pos obs_jupiter_pos obs_saturn_pos obs_venus_pos obs_uranus_pos obs_neptune_pos obs_earth_pos
2025-08-28 23:23:32.654 | WARNING  | pint.models.troposphere_delay:_validate_altitudes:209 - Invalid altitude calculated for 94 TOAS
2025-08-28 23:23:32.718 | WARNING  | pint.models.troposphere_delay:_validate_altitudes:209 - Invalid altitude calculated for 94 TOAS
2025-08-28 23:23:32.747 | DEBUG    | pint.models.absolute_phase:get_TZR_toa:98 - Creating and dealing with the single TZR_toa for absolute phase
2025-08-28 23:23:32.750 | DEBUG    | pint.toa:__init__:1358 - No pulse number flags found in the TOAs
2025-08-28 23:23:32.750 | DEBUG    | pint.toa:apply_clock_corrections:2200 - Applying clock corrections (include_gps = True, include_bipm = True)
2025-08-28 23:23:32.751 | INFO     | pint.observatory:gps_correction:210 - Applying GPS to UTC clock correction (~few nanoseconds)
2025-08-28 23:23:32.751 | INFO     | pint.observatory:bipm_correction:217 - Applying TT(TAI) to TT(BIPM2021) clock correction (~27 us)
2025-08-28 23:23:32.752 | INFO     | pint.observatory.topo_obs:clock_corrections:365 - Observatory axis requires no clock corrections.
2025-08-28 23:23:32.753 | DEBUG    | pint.toa:compute_TDBs:2251 - Computing TDB columns.
2025-08-28 23:23:32.753 | DEBUG    | pint.toa:compute_TDBs:2272 - Using EPHEM = DE436 for TDB calculation.
2025-08-28 23:23:32.756 | DEBUG    | pint.toa:compute_posvels:2345 - Computing PosVels of observatories, Earth and planets, using DE436
2025-08-28 23:23:42.784 | INFO     | pint.solar_system_ephemerides:_load_kernel_link:55 - Set solar system ephemeris to de436 from download
2025-08-28 23:23:42.845 | DEBUG    | pint.toa:compute_posvels:2403 - SSB obs pos [-1.40194398e+11  4.71844806e+10  2.04912169e+10] m
2025-08-28 23:23:52.872 | INFO     | pint.solar_system_ephemerides:_load_kernel_link:55 - Set solar system ephemeris to de436 from download
2025-08-28 23:24:02.901 | INFO     | pint.solar_system_ephemerides:_load_kernel_link:55 - Set solar system ephemeris to de436 from download
2025-08-28 23:24:12.929 | INFO     | pint.solar_system_ephemerides:_load_kernel_link:55 - Set solar system ephemeris to de436 from download
2025-08-28 23:24:22.957 | INFO     | pint.solar_system_ephemerides:_load_kernel_link:55 - Set solar system ephemeris to de436 from download
2025-08-28 23:24:32.991 | INFO     | pint.solar_system_ephemerides:_load_kernel_link:55 - Set solar system ephemeris to de436 from download
2025-08-28 23:24:43.017 | INFO     | pint.solar_system_ephemerides:_load_kernel_link:55 - Set solar system ephemeris to de436 from download
2025-08-28 23:24:53.043 | INFO     | pint.solar_system_ephemerides:_load_kernel_link:55 - Set solar system ephemeris to de436 from download
2025-08-28 23:24:53.045 | DEBUG    | pint.toa:compute_posvels:2417 - Adding columns ssb_obs_pos ssb_obs_vel obs_sun_pos obs_jupiter_pos obs_saturn_pos obs_venus_pos obs_uranus_pos obs_neptune_pos obs_earth_pos
2025-08-28 23:24:53.047 | DEBUG    | pint.models.absolute_phase:get_TZR_toa:121 - Done with TZR_toa
2025-08-28 23:24:53.140 | WARNING  | pint.models.troposphere_delay:_validate_altitudes:209 - Invalid altitude calculated for 94 TOAS
2025-08-28 23:24:53.218 | WARNING  | pint.models.troposphere_delay:_validate_altitudes:209 - Invalid altitude calculated for 94 TOAS
2025-08-28 23:24:53.300 | WARNING  | pint.models.troposphere_delay:_validate_altitudes:209 - Invalid altitude calculated for 94 TOAS
2025-08-28 23:24:53.381 | WARNING  | pint.models.troposphere_delay:_validate_altitudes:209 - Invalid altitude calculated for 94 TOAS
2025-08-28 23:24:53.462 | WARNING  | pint.models.troposphere_delay:_validate_altitudes:209 - Invalid altitude calculated for 94 TOAS
2025-08-28 23:24:53.542 | WARNING  | pint.models.troposphere_delay:_validate_altitudes:209 - Invalid altitude calculated for 94 TOAS
2025-08-28 23:24:53.625 | WARNING  | pint.models.troposphere_delay:_validate_altitudes:209 - Invalid altitude calculated for 94 TOAS
2025-08-28 23:24:53.747 | WARNING  | pint.models.troposphere_delay:_validate_altitudes:209 - Invalid altitude calculated for 94 TOAS
2025-08-28 23:24:53.864 | WARNING  | pint.models.troposphere_delay:_validate_altitudes:209 - Invalid altitude calculated for 94 TOAS
2025-08-28 23:24:53.982 | WARNING  | pint.models.troposphere_delay:_validate_altitudes:209 - Invalid altitude calculated for 94 TOAS
2025-08-28 23:24:54.100 | WARNING  | pint.models.troposphere_delay:_validate_altitudes:209 - Invalid altitude calculated for 94 TOAS
2025-08-28 23:24:54.217 | WARNING  | pint.models.troposphere_delay:_validate_altitudes:209 - Invalid altitude calculated for 94 TOAS
2025-08-28 23:24:54.336 | WARNING  | pint.models.troposphere_delay:_validate_altitudes:209 - Invalid altitude calculated for 94 TOAS
2025-08-28 23:24:54.457 | WARNING  | pint.models.troposphere_delay:_validate_altitudes:209 - Invalid altitude calculated for 94 TOAS
WARNING: Could not find pulsar distance for PSR J0751+1807. Setting value to 1 with 20% uncertainty.
2025-08-28 23:24:54.580 | WARNING  | pint.models.troposphere_delay:_validate_altitudes:209 - Invalid altitude calculated for 94 TOAS
/scratch/na00078/conda_envs/QuickCW/lib/python3.9/site-packages/pint/models/model_builder.py:198: UserWarning: Unrecognized parfile line 'EPHVER 5'
  warnings.warn(f"Unrecognized parfile line '{p_line}'", UserWarning)
2025-08-28 23:24:54.632 | DEBUG    | pint.toa:get_TOAs:193 - Using EPHEM = DE436 from the given model
2025-08-28 23:24:54.632 | DEBUG    | pint.toa:get_TOAs:209 - Using CLOCK = BIPM2015 from the given model
2025-08-28 23:24:54.731 | DEBUG    | pint.toa:__init__:1358 - No pulse number flags found in the TOAs
2025-08-28 23:24:54.732 | DEBUG    | pint.toa:apply_clock_corrections:2200 - Applying clock corrections (include_gps = True, include_bipm = True)
2025-08-28 23:24:54.744 | INFO     | pint.observatory:gps_correction:210 - Applying GPS to UTC clock correction (~few nanoseconds)
2025-08-28 23:24:54.745 | INFO     | pint.observatory:bipm_correction:217 - Applying TT(TAI) to TT(BIPM2015) clock correction (~27 us)
2025-08-28 23:24:54.745 | INFO     | pint.observatory.topo_obs:clock_corrections:365 - Observatory axis requires no clock corrections.
2025-08-28 23:24:54.833 | DEBUG    | pint.toa:compute_TDBs:2251 - Computing TDB columns.
2025-08-28 23:24:54.833 | DEBUG    | pint.toa:compute_TDBs:2272 - Using EPHEM = DE436 for TDB calculation.
2025-08-28 23:24:54.863 | DEBUG    | pint.toa:get_TOAs:312 - Planet PosVels will be calculated.
2025-08-28 23:24:54.863 | DEBUG    | pint.toa:compute_posvels:2345 - Computing PosVels of observatories, Earth and planets, using DE436
2025-08-28 23:25:04.893 | INFO     | pint.solar_system_ephemerides:_load_kernel_link:55 - Set solar system ephemeris to de436 from download
2025-08-28 23:25:04.948 | DEBUG    | pint.toa:compute_posvels:2403 - SSB obs pos [-1.47932263e+11  1.14072615e+10  4.94302482e+09] m
2025-08-28 23:25:14.974 | INFO     | pint.solar_system_ephemerides:_load_kernel_link:55 - Set solar system ephemeris to de436 from download
2025-08-28 23:25:25.004 | INFO     | pint.solar_system_ephemerides:_load_kernel_link:55 - Set solar system ephemeris to de436 from download
2025-08-28 23:25:35.031 | INFO     | pint.solar_system_ephemerides:_load_kernel_link:55 - Set solar system ephemeris to de436 from download
2025-08-28 23:25:45.057 | INFO     | pint.solar_system_ephemerides:_load_kernel_link:55 - Set solar system ephemeris to de436 from download
2025-08-28 23:25:55.083 | INFO     | pint.solar_system_ephemerides:_load_kernel_link:55 - Set solar system ephemeris to de436 from download
2025-08-28 23:26:05.109 | INFO     | pint.solar_system_ephemerides:_load_kernel_link:55 - Set solar system ephemeris to de436 from download
2025-08-28 23:26:15.134 | INFO     | pint.solar_system_ephemerides:_load_kernel_link:55 - Set solar system ephemeris to de436 from download
2025-08-28 23:26:15.138 | DEBUG    | pint.toa:compute_posvels:2417 - Adding columns ssb_obs_pos ssb_obs_vel obs_sun_pos obs_jupiter_pos obs_saturn_pos obs_venus_pos obs_uranus_pos obs_neptune_pos obs_earth_pos
2025-08-28 23:26:15.190 | WARNING  | pint.models.troposphere_delay:_validate_altitudes:209 - Invalid altitude calculated for 90 TOAS
2025-08-28 23:26:15.254 | WARNING  | pint.models.troposphere_delay:_validate_altitudes:209 - Invalid altitude calculated for 90 TOAS
2025-08-28 23:26:15.283 | DEBUG    | pint.models.absolute_phase:get_TZR_toa:98 - Creating and dealing with the single TZR_toa for absolute phase
2025-08-28 23:26:15.285 | DEBUG    | pint.toa:__init__:1358 - No pulse number flags found in the TOAs
2025-08-28 23:26:15.285 | DEBUG    | pint.toa:apply_clock_corrections:2200 - Applying clock corrections (include_gps = True, include_bipm = True)
2025-08-28 23:26:15.286 | INFO     | pint.observatory:gps_correction:210 - Applying GPS to UTC clock correction (~few nanoseconds)
2025-08-28 23:26:15.287 | INFO     | pint.observatory:bipm_correction:217 - Applying TT(TAI) to TT(BIPM2021) clock correction (~27 us)
2025-08-28 23:26:15.287 | INFO     | pint.observatory.topo_obs:clock_corrections:365 - Observatory axis requires no clock corrections.
2025-08-28 23:26:15.288 | DEBUG    | pint.toa:compute_TDBs:2251 - Computing TDB columns.
2025-08-28 23:26:15.289 | DEBUG    | pint.toa:compute_TDBs:2272 - Using EPHEM = DE436 for TDB calculation.
2025-08-28 23:26:15.292 | DEBUG    | pint.toa:compute_posvels:2345 - Computing PosVels of observatories, Earth and planets, using DE436
2025-08-28 23:26:25.317 | INFO     | pint.solar_system_ephemerides:_load_kernel_link:55 - Set solar system ephemeris to de436 from download
2025-08-28 23:26:25.325 | DEBUG    | pint.toa:compute_posvels:2403 - SSB obs pos [1.14919834e+11 8.69908842e+10 3.76981246e+10] m
2025-08-28 23:26:35.350 | INFO     | pint.solar_system_ephemerides:_load_kernel_link:55 - Set solar system ephemeris to de436 from download
2025-08-28 23:26:45.377 | INFO     | pint.solar_system_ephemerides:_load_kernel_link:55 - Set solar system ephemeris to de436 from download
2025-08-28 23:26:55.403 | INFO     | pint.solar_system_ephemerides:_load_kernel_link:55 - Set solar system ephemeris to de436 from download
2025-08-28 23:27:05.428 | INFO     | pint.solar_system_ephemerides:_load_kernel_link:55 - Set solar system ephemeris to de436 from download
2025-08-28 23:27:15.456 | INFO     | pint.solar_system_ephemerides:_load_kernel_link:55 - Set solar system ephemeris to de436 from download
2025-08-28 23:27:25.493 | INFO     | pint.solar_system_ephemerides:_load_kernel_link:55 - Set solar system ephemeris to de436 from download
2025-08-28 23:27:35.530 | INFO     | pint.solar_system_ephemerides:_load_kernel_link:55 - Set solar system ephemeris to de436 from download
2025-08-28 23:27:35.534 | DEBUG    | pint.toa:compute_posvels:2417 - Adding columns ssb_obs_pos ssb_obs_vel obs_sun_pos obs_jupiter_pos obs_saturn_pos obs_venus_pos obs_uranus_pos obs_neptune_pos obs_earth_pos
2025-08-28 23:27:35.537 | DEBUG    | pint.models.absolute_phase:get_TZR_toa:121 - Done with TZR_toa
2025-08-28 23:27:35.632 | WARNING  | pint.models.troposphere_delay:_validate_altitudes:209 - Invalid altitude calculated for 90 TOAS
2025-08-28 23:27:35.708 | WARNING  | pint.models.troposphere_delay:_validate_altitudes:209 - Invalid altitude calculated for 90 TOAS
2025-08-28 23:27:35.788 | WARNING  | pint.models.troposphere_delay:_validate_altitudes:209 - Invalid altitude calculated for 90 TOAS
2025-08-28 23:27:35.867 | WARNING  | pint.models.troposphere_delay:_validate_altitudes:209 - Invalid altitude calculated for 90 TOAS
2025-08-28 23:27:35.947 | WARNING  | pint.models.troposphere_delay:_validate_altitudes:209 - Invalid altitude calculated for 90 TOAS
2025-08-28 23:27:36.031 | WARNING  | pint.models.troposphere_delay:_validate_altitudes:209 - Invalid altitude calculated for 90 TOAS
2025-08-28 23:27:36.116 | WARNING  | pint.models.troposphere_delay:_validate_altitudes:209 - Invalid altitude calculated for 90 TOAS
2025-08-28 23:27:36.235 | WARNING  | pint.models.troposphere_delay:_validate_altitudes:209 - Invalid altitude calculated for 90 TOAS
2025-08-28 23:27:36.352 | WARNING  | pint.models.troposphere_delay:_validate_altitudes:209 - Invalid altitude calculated for 90 TOAS
2025-08-28 23:27:36.470 | WARNING  | pint.models.troposphere_delay:_validate_altitudes:209 - Invalid altitude calculated for 90 TOAS
2025-08-28 23:27:36.587 | WARNING  | pint.models.troposphere_delay:_validate_altitudes:209 - Invalid altitude calculated for 90 TOAS
WARNING: Could not find pulsar distance for PSR J0900-3144. Setting value to 1 with 20% uncertainty.
2025-08-28 23:27:36.707 | WARNING  | pint.models.troposphere_delay:_validate_altitudes:209 - Invalid altitude calculated for 90 TOAS
/scratch/na00078/conda_envs/QuickCW/lib/python3.9/site-packages/pint/models/model_builder.py:198: UserWarning: Unrecognized parfile line 'EPHVER 5'
  warnings.warn(f"Unrecognized parfile line '{p_line}'", UserWarning)
2025-08-28 23:27:36.758 | DEBUG    | pint.toa:get_TOAs:193 - Using EPHEM = DE436 from the given model
2025-08-28 23:27:36.759 | DEBUG    | pint.toa:get_TOAs:209 - Using CLOCK = BIPM2015 from the given model
2025-08-28 23:27:36.917 | DEBUG    | pint.toa:__init__:1358 - No pulse number flags found in the TOAs
2025-08-28 23:27:36.918 | DEBUG    | pint.toa:apply_clock_corrections:2200 - Applying clock corrections (include_gps = True, include_bipm = True)
2025-08-28 23:27:36.930 | INFO     | pint.observatory:gps_correction:210 - Applying GPS to UTC clock correction (~few nanoseconds)
2025-08-28 23:27:36.931 | INFO     | pint.observatory:bipm_correction:217 - Applying TT(TAI) to TT(BIPM2015) clock correction (~27 us)
2025-08-28 23:27:36.931 | INFO     | pint.observatory.topo_obs:clock_corrections:365 - Observatory axis requires no clock corrections.
2025-08-28 23:27:37.017 | DEBUG    | pint.toa:compute_TDBs:2251 - Computing TDB columns.
2025-08-28 23:27:37.017 | DEBUG    | pint.toa:compute_TDBs:2272 - Using EPHEM = DE436 for TDB calculation.
2025-08-28 23:27:37.046 | DEBUG    | pint.toa:get_TOAs:312 - Planet PosVels will be calculated.
2025-08-28 23:27:37.046 | DEBUG    | pint.toa:compute_posvels:2345 - Computing PosVels of observatories, Earth and planets, using DE436
2025-08-28 23:27:47.075 | INFO     | pint.solar_system_ephemerides:_load_kernel_link:55 - Set solar system ephemeris to de436 from download
2025-08-28 23:27:47.130 | DEBUG    | pint.toa:compute_posvels:2403 - SSB obs pos [-1.47937038e+11  1.13647755e+10  4.92491194e+09] m
2025-08-28 23:27:57.154 | INFO     | pint.solar_system_ephemerides:_load_kernel_link:55 - Set solar system ephemeris to de436 from download
2025-08-28 23:28:07.193 | INFO     | pint.solar_system_ephemerides:_load_kernel_link:55 - Set solar system ephemeris to de436 from download
2025-08-28 23:28:17.220 | INFO     | pint.solar_system_ephemerides:_load_kernel_link:55 - Set solar system ephemeris to de436 from download
2025-08-28 23:28:27.245 | INFO     | pint.solar_system_ephemerides:_load_kernel_link:55 - Set solar system ephemeris to de436 from download
2025-08-28 23:28:37.272 | INFO     | pint.solar_system_ephemerides:_load_kernel_link:55 - Set solar system ephemeris to de436 from download
2025-08-28 23:28:47.310 | INFO     | pint.solar_system_ephemerides:_load_kernel_link:55 - Set solar system ephemeris to de436 from download
2025-08-28 23:28:57.349 | INFO     | pint.solar_system_ephemerides:_load_kernel_link:55 - Set solar system ephemeris to de436 from download
2025-08-28 23:28:57.354 | DEBUG    | pint.toa:compute_posvels:2417 - Adding columns ssb_obs_pos ssb_obs_vel obs_sun_pos obs_jupiter_pos obs_saturn_pos obs_venus_pos obs_uranus_pos obs_neptune_pos obs_earth_pos
2025-08-28 23:28:57.408 | WARNING  | pint.models.troposphere_delay:_validate_altitudes:209 - Invalid altitude calculated for 85 TOAS
2025-08-28 23:28:57.473 | WARNING  | pint.models.troposphere_delay:_validate_altitudes:209 - Invalid altitude calculated for 85 TOAS
2025-08-28 23:28:57.501 | DEBUG    | pint.models.absolute_phase:get_TZR_toa:98 - Creating and dealing with the single TZR_toa for absolute phase
2025-08-28 23:28:57.503 | DEBUG    | pint.toa:__init__:1358 - No pulse number flags found in the TOAs
2025-08-28 23:28:57.504 | DEBUG    | pint.toa:apply_clock_corrections:2200 - Applying clock corrections (include_gps = True, include_bipm = True)
2025-08-28 23:28:57.504 | INFO     | pint.observatory:gps_correction:210 - Applying GPS to UTC clock correction (~few nanoseconds)
2025-08-28 23:28:57.505 | INFO     | pint.observatory:bipm_correction:217 - Applying TT(TAI) to TT(BIPM2021) clock correction (~27 us)
2025-08-28 23:28:57.506 | INFO     | pint.observatory.topo_obs:clock_corrections:365 - Observatory axis requires no clock corrections.
2025-08-28 23:28:57.507 | DEBUG    | pint.toa:compute_TDBs:2251 - Computing TDB columns.
2025-08-28 23:28:57.507 | DEBUG    | pint.toa:compute_TDBs:2272 - Using EPHEM = DE436 for TDB calculation.
2025-08-28 23:28:57.510 | DEBUG    | pint.toa:compute_posvels:2345 - Computing PosVels of observatories, Earth and planets, using DE436
2025-08-28 23:29:07.535 | INFO     | pint.solar_system_ephemerides:_load_kernel_link:55 - Set solar system ephemeris to de436 from download
2025-08-28 23:29:07.594 | DEBUG    | pint.toa:compute_posvels:2403 - SSB obs pos [3.18358546e+10 1.31167641e+11 5.68912986e+10] m
2025-08-28 23:29:17.618 | INFO     | pint.solar_system_ephemerides:_load_kernel_link:55 - Set solar system ephemeris to de436 from download
2025-08-28 23:29:27.647 | INFO     | pint.solar_system_ephemerides:_load_kernel_link:55 - Set solar system ephemeris to de436 from download
2025-08-28 23:29:37.673 | INFO     | pint.solar_system_ephemerides:_load_kernel_link:55 - Set solar system ephemeris to de436 from download
2025-08-28 23:29:47.702 | INFO     | pint.solar_system_ephemerides:_load_kernel_link:55 - Set solar system ephemeris to de436 from download
2025-08-28 23:29:57.730 | INFO     | pint.solar_system_ephemerides:_load_kernel_link:55 - Set solar system ephemeris to de436 from download
2025-08-28 23:30:07.758 | INFO     | pint.solar_system_ephemerides:_load_kernel_link:55 - Set solar system ephemeris to de436 from download
2025-08-28 23:30:17.785 | INFO     | pint.solar_system_ephemerides:_load_kernel_link:55 - Set solar system ephemeris to de436 from download
2025-08-28 23:30:17.788 | DEBUG    | pint.toa:compute_posvels:2417 - Adding columns ssb_obs_pos ssb_obs_vel obs_sun_pos obs_jupiter_pos obs_saturn_pos obs_venus_pos obs_uranus_pos obs_neptune_pos obs_earth_pos
2025-08-28 23:30:17.791 | DEBUG    | pint.models.absolute_phase:get_TZR_toa:121 - Done with TZR_toa
2025-08-28 23:30:17.886 | WARNING  | pint.models.troposphere_delay:_validate_altitudes:209 - Invalid altitude calculated for 85 TOAS
2025-08-28 23:30:17.965 | WARNING  | pint.models.troposphere_delay:_validate_altitudes:209 - Invalid altitude calculated for 85 TOAS
2025-08-28 23:30:18.048 | WARNING  | pint.models.troposphere_delay:_validate_altitudes:209 - Invalid altitude calculated for 85 TOAS
2025-08-28 23:30:18.131 | WARNING  | pint.models.troposphere_delay:_validate_altitudes:209 - Invalid altitude calculated for 85 TOAS
2025-08-28 23:30:18.213 | WARNING  | pint.models.troposphere_delay:_validate_altitudes:209 - Invalid altitude calculated for 85 TOAS
2025-08-28 23:30:18.296 | WARNING  | pint.models.troposphere_delay:_validate_altitudes:209 - Invalid altitude calculated for 85 TOAS
2025-08-28 23:30:18.380 | WARNING  | pint.models.troposphere_delay:_validate_altitudes:209 - Invalid altitude calculated for 85 TOAS
2025-08-28 23:30:18.504 | WARNING  | pint.models.troposphere_delay:_validate_altitudes:209 - Invalid altitude calculated for 85 TOAS
2025-08-28 23:30:18.623 | WARNING  | pint.models.troposphere_delay:_validate_altitudes:209 - Invalid altitude calculated for 85 TOAS
2025-08-28 23:30:18.740 | WARNING  | pint.models.troposphere_delay:_validate_altitudes:209 - Invalid altitude calculated for 85 TOAS
2025-08-28 23:30:18.858 | WARNING  | pint.models.troposphere_delay:_validate_altitudes:209 - Invalid altitude calculated for 85 TOAS
2025-08-28 23:30:18.978 | WARNING  | pint.models.troposphere_delay:_validate_altitudes:209 - Invalid altitude calculated for 85 TOAS
2025-08-28 23:30:19.096 | WARNING  | pint.models.troposphere_delay:_validate_altitudes:209 - Invalid altitude calculated for 85 TOAS
2025-08-28 23:30:19.218 | WARNING  | pint.models.troposphere_delay:_validate_altitudes:209 - Invalid altitude calculated for 85 TOAS
/scratch/na00078/conda_envs/QuickCW/lib/python3.9/site-packages/pint/models/model_builder.py:198: UserWarning: Unrecognized parfile line 'EPHVER 5'
  warnings.warn(f"Unrecognized parfile line '{p_line}'", UserWarning)
2025-08-28 23:30:19.301 | DEBUG    | pint.toa:get_TOAs:193 - Using EPHEM = DE436 from the given model
2025-08-28 23:30:19.302 | DEBUG    | pint.toa:get_TOAs:209 - Using CLOCK = BIPM2015 from the given model
2025-08-28 23:30:19.379 | DEBUG    | pint.toa:__init__:1358 - No pulse number flags found in the TOAs
2025-08-28 23:30:19.380 | DEBUG    | pint.toa:apply_clock_corrections:2200 - Applying clock corrections (include_gps = True, include_bipm = True)
2025-08-28 23:30:19.392 | INFO     | pint.observatory:gps_correction:210 - Applying GPS to UTC clock correction (~few nanoseconds)
2025-08-28 23:30:19.393 | INFO     | pint.observatory:bipm_correction:217 - Applying TT(TAI) to TT(BIPM2015) clock correction (~27 us)
2025-08-28 23:30:19.394 | INFO     | pint.observatory.topo_obs:clock_corrections:365 - Observatory axis requires no clock corrections.
2025-08-28 23:30:19.480 | DEBUG    | pint.toa:compute_TDBs:2251 - Computing TDB columns.
2025-08-28 23:30:19.480 | DEBUG    | pint.toa:compute_TDBs:2272 - Using EPHEM = DE436 for TDB calculation.
2025-08-28 23:30:19.509 | DEBUG    | pint.toa:get_TOAs:312 - Planet PosVels will be calculated.
2025-08-28 23:30:19.509 | DEBUG    | pint.toa:compute_posvels:2345 - Computing PosVels of observatories, Earth and planets, using DE436
2025-08-28 23:30:29.540 | INFO     | pint.solar_system_ephemerides:_load_kernel_link:55 - Set solar system ephemeris to de436 from download
2025-08-28 23:30:29.597 | DEBUG    | pint.toa:compute_posvels:2403 - SSB obs pos [-1.47989698e+11  1.08366191e+10  4.69869497e+09] m
2025-08-28 23:30:39.614 | INFO     | pint.solar_system_ephemerides:_load_kernel_link:55 - Set solar system ephemeris to de436 from download
2025-08-28 23:30:49.633 | INFO     | pint.solar_system_ephemerides:_load_kernel_link:55 - Set solar system ephemeris to de436 from download
2025-08-28 23:30:59.659 | INFO     | pint.solar_system_ephemerides:_load_kernel_link:55 - Set solar system ephemeris to de436 from download
2025-08-28 23:31:09.686 | INFO     | pint.solar_system_ephemerides:_load_kernel_link:55 - Set solar system ephemeris to de436 from download
2025-08-28 23:31:19.713 | INFO     | pint.solar_system_ephemerides:_load_kernel_link:55 - Set solar system ephemeris to de436 from download
2025-08-28 23:31:29.739 | INFO     | pint.solar_system_ephemerides:_load_kernel_link:55 - Set solar system ephemeris to de436 from download
2025-08-28 23:31:39.766 | INFO     | pint.solar_system_ephemerides:_load_kernel_link:55 - Set solar system ephemeris to de436 from download
2025-08-28 23:31:39.771 | DEBUG    | pint.toa:compute_posvels:2417 - Adding columns ssb_obs_pos ssb_obs_vel obs_sun_pos obs_jupiter_pos obs_saturn_pos obs_venus_pos obs_uranus_pos obs_neptune_pos obs_earth_pos
2025-08-28 23:31:39.825 | WARNING  | pint.models.troposphere_delay:_validate_altitudes:209 - Invalid altitude calculated for 96 TOAS
2025-08-28 23:31:39.890 | WARNING  | pint.models.troposphere_delay:_validate_altitudes:209 - Invalid altitude calculated for 96 TOAS
2025-08-28 23:31:39.905 | DEBUG    | pint.models.absolute_phase:get_TZR_toa:98 - Creating and dealing with the single TZR_toa for absolute phase
2025-08-28 23:31:39.907 | DEBUG    | pint.toa:__init__:1358 - No pulse number flags found in the TOAs
2025-08-28 23:31:39.907 | DEBUG    | pint.toa:apply_clock_corrections:2200 - Applying clock corrections (include_gps = True, include_bipm = True)
2025-08-28 23:31:39.908 | INFO     | pint.observatory:gps_correction:210 - Applying GPS to UTC clock correction (~few nanoseconds)
2025-08-28 23:31:39.909 | INFO     | pint.observatory:bipm_correction:217 - Applying TT(TAI) to TT(BIPM2021) clock correction (~27 us)
2025-08-28 23:31:39.910 | INFO     | pint.observatory.topo_obs:clock_corrections:365 - Observatory axis requires no clock corrections.
2025-08-28 23:31:39.911 | DEBUG    | pint.toa:compute_TDBs:2251 - Computing TDB columns.
2025-08-28 23:31:39.911 | DEBUG    | pint.toa:compute_TDBs:2272 - Using EPHEM = DE436 for TDB calculation.
2025-08-28 23:31:39.914 | DEBUG    | pint.toa:compute_posvels:2345 - Computing PosVels of observatories, Earth and planets, using DE436
2025-08-28 23:31:49.939 | INFO     | pint.solar_system_ephemerides:_load_kernel_link:55 - Set solar system ephemeris to de436 from download
2025-08-28 23:31:49.948 | DEBUG    | pint.toa:compute_posvels:2403 - SSB obs pos [-1.40300780e+11  4.22637618e+10  1.83071500e+10] m
2025-08-28 23:31:59.973 | INFO     | pint.solar_system_ephemerides:_load_kernel_link:55 - Set solar system ephemeris to de436 from download
2025-08-28 23:32:09.999 | INFO     | pint.solar_system_ephemerides:_load_kernel_link:55 - Set solar system ephemeris to de436 from download
2025-08-28 23:32:20.019 | INFO     | pint.solar_system_ephemerides:_load_kernel_link:55 - Set solar system ephemeris to de436 from download
2025-08-28 23:32:30.047 | INFO     | pint.solar_system_ephemerides:_load_kernel_link:55 - Set solar system ephemeris to de436 from download
2025-08-28 23:32:40.074 | INFO     | pint.solar_system_ephemerides:_load_kernel_link:55 - Set solar system ephemeris to de436 from download
2025-08-28 23:32:50.102 | INFO     | pint.solar_system_ephemerides:_load_kernel_link:55 - Set solar system ephemeris to de436 from download
2025-08-28 23:33:00.129 | INFO     | pint.solar_system_ephemerides:_load_kernel_link:55 - Set solar system ephemeris to de436 from download
2025-08-28 23:33:00.132 | DEBUG    | pint.toa:compute_posvels:2417 - Adding columns ssb_obs_pos ssb_obs_vel obs_sun_pos obs_jupiter_pos obs_saturn_pos obs_venus_pos obs_uranus_pos obs_neptune_pos obs_earth_pos
2025-08-28 23:33:00.133 | DEBUG    | pint.models.absolute_phase:get_TZR_toa:121 - Done with TZR_toa
2025-08-28 23:33:00.148 | WARNING  | pint.models.troposphere_delay:_validate_altitudes:209 - Invalid altitude calculated for 1 TOAS
2025-08-28 23:33:00.218 | WARNING  | pint.models.troposphere_delay:_validate_altitudes:209 - Invalid altitude calculated for 96 TOAS
2025-08-28 23:33:00.284 | WARNING  | pint.models.troposphere_delay:_validate_altitudes:209 - Invalid altitude calculated for 96 TOAS
2025-08-28 23:33:00.354 | WARNING  | pint.models.troposphere_delay:_validate_altitudes:209 - Invalid altitude calculated for 96 TOAS
2025-08-28 23:33:00.424 | WARNING  | pint.models.troposphere_delay:_validate_altitudes:209 - Invalid altitude calculated for 96 TOAS
2025-08-28 23:33:00.494 | WARNING  | pint.models.troposphere_delay:_validate_altitudes:209 - Invalid altitude calculated for 96 TOAS
2025-08-28 23:33:00.564 | WARNING  | pint.models.troposphere_delay:_validate_altitudes:209 - Invalid altitude calculated for 96 TOAS
2025-08-28 23:33:00.641 | WARNING  | pint.models.troposphere_delay:_validate_altitudes:209 - Invalid altitude calculated for 96 TOAS
/scratch/na00078/conda_envs/QuickCW/lib/python3.9/site-packages/pint/models/model_builder.py:198: UserWarning: Unrecognized parfile line 'EPHVER 5'
  warnings.warn(f"Unrecognized parfile line '{p_line}'", UserWarning)
2025-08-28 23:33:00.694 | DEBUG    | pint.toa:get_TOAs:193 - Using EPHEM = DE436 from the given model
2025-08-28 23:33:00.694 | DEBUG    | pint.toa:get_TOAs:209 - Using CLOCK = BIPM2015 from the given model
2025-08-28 23:33:00.770 | DEBUG    | pint.toa:__init__:1358 - No pulse number flags found in the TOAs
2025-08-28 23:33:00.771 | DEBUG    | pint.toa:apply_clock_corrections:2200 - Applying clock corrections (include_gps = True, include_bipm = True)
2025-08-28 23:33:00.783 | INFO     | pint.observatory:gps_correction:210 - Applying GPS to UTC clock correction (~few nanoseconds)
2025-08-28 23:33:00.784 | INFO     | pint.observatory:bipm_correction:217 - Applying TT(TAI) to TT(BIPM2015) clock correction (~27 us)
2025-08-28 23:33:00.785 | INFO     | pint.observatory.topo_obs:clock_corrections:365 - Observatory axis requires no clock corrections.
2025-08-28 23:33:00.872 | DEBUG    | pint.toa:compute_TDBs:2251 - Computing TDB columns.
2025-08-28 23:33:00.872 | DEBUG    | pint.toa:compute_TDBs:2272 - Using EPHEM = DE436 for TDB calculation.
2025-08-28 23:33:00.904 | DEBUG    | pint.toa:get_TOAs:312 - Planet PosVels will be calculated.
2025-08-28 23:33:00.904 | DEBUG    | pint.toa:compute_posvels:2345 - Computing PosVels of observatories, Earth and planets, using DE436
2025-08-28 23:33:10.934 | INFO     | pint.solar_system_ephemerides:_load_kernel_link:55 - Set solar system ephemeris to de436 from download
2025-08-28 23:33:10.990 | DEBUG    | pint.toa:compute_posvels:2403 - SSB obs pos [-1.47737672e+11  1.29552718e+10  5.61707460e+09] m
2025-08-28 23:33:21.016 | INFO     | pint.solar_system_ephemerides:_load_kernel_link:55 - Set solar system ephemeris to de436 from download
2025-08-28 23:33:31.044 | INFO     | pint.solar_system_ephemerides:_load_kernel_link:55 - Set solar system ephemeris to de436 from download
2025-08-28 23:33:41.072 | INFO     | pint.solar_system_ephemerides:_load_kernel_link:55 - Set solar system ephemeris to de436 from download
2025-08-28 23:33:51.100 | INFO     | pint.solar_system_ephemerides:_load_kernel_link:55 - Set solar system ephemeris to de436 from download
2025-08-28 23:34:01.128 | INFO     | pint.solar_system_ephemerides:_load_kernel_link:55 - Set solar system ephemeris to de436 from download
2025-08-28 23:34:11.153 | INFO     | pint.solar_system_ephemerides:_load_kernel_link:55 - Set solar system ephemeris to de436 from download
2025-08-28 23:34:21.181 | INFO     | pint.solar_system_ephemerides:_load_kernel_link:55 - Set solar system ephemeris to de436 from download
2025-08-28 23:34:21.184 | DEBUG    | pint.toa:compute_posvels:2417 - Adding columns ssb_obs_pos ssb_obs_vel obs_sun_pos obs_jupiter_pos obs_saturn_pos obs_venus_pos obs_uranus_pos obs_neptune_pos obs_earth_pos
2025-08-28 23:34:21.236 | WARNING  | pint.models.troposphere_delay:_validate_altitudes:209 - Invalid altitude calculated for 99 TOAS
2025-08-28 23:34:21.300 | WARNING  | pint.models.troposphere_delay:_validate_altitudes:209 - Invalid altitude calculated for 99 TOAS
2025-08-28 23:34:21.329 | DEBUG    | pint.models.absolute_phase:get_TZR_toa:98 - Creating and dealing with the single TZR_toa for absolute phase
2025-08-28 23:34:21.332 | DEBUG    | pint.toa:__init__:1358 - No pulse number flags found in the TOAs
2025-08-28 23:34:21.332 | DEBUG    | pint.toa:apply_clock_corrections:2200 - Applying clock corrections (include_gps = True, include_bipm = True)
2025-08-28 23:34:21.333 | INFO     | pint.observatory:gps_correction:210 - Applying GPS to UTC clock correction (~few nanoseconds)
2025-08-28 23:34:21.334 | INFO     | pint.observatory:bipm_correction:217 - Applying TT(TAI) to TT(BIPM2021) clock correction (~27 us)
2025-08-28 23:34:21.334 | INFO     | pint.observatory.topo_obs:clock_corrections:365 - Observatory axis requires no clock corrections.
2025-08-28 23:34:21.335 | DEBUG    | pint.toa:compute_TDBs:2251 - Computing TDB columns.
2025-08-28 23:34:21.335 | DEBUG    | pint.toa:compute_TDBs:2272 - Using EPHEM = DE436 for TDB calculation.
2025-08-28 23:34:21.338 | DEBUG    | pint.toa:compute_posvels:2345 - Computing PosVels of observatories, Earth and planets, using DE436
2025-08-28 23:34:31.363 | INFO     | pint.solar_system_ephemerides:_load_kernel_link:55 - Set solar system ephemeris to de436 from download
2025-08-28 23:34:31.374 | DEBUG    | pint.toa:compute_posvels:2403 - SSB obs pos [-1.40549418e+11  4.16132439e+10  1.80210954e+10] m
2025-08-28 23:34:41.398 | INFO     | pint.solar_system_ephemerides:_load_kernel_link:55 - Set solar system ephemeris to de436 from download
2025-08-28 23:34:51.425 | INFO     | pint.solar_system_ephemerides:_load_kernel_link:55 - Set solar system ephemeris to de436 from download
2025-08-28 23:35:01.453 | INFO     | pint.solar_system_ephemerides:_load_kernel_link:55 - Set solar system ephemeris to de436 from download
2025-08-28 23:35:11.478 | INFO     | pint.solar_system_ephemerides:_load_kernel_link:55 - Set solar system ephemeris to de436 from download
2025-08-28 23:35:21.508 | INFO     | pint.solar_system_ephemerides:_load_kernel_link:55 - Set solar system ephemeris to de436 from download
2025-08-28 23:35:31.533 | INFO     | pint.solar_system_ephemerides:_load_kernel_link:55 - Set solar system ephemeris to de436 from download
2025-08-28 23:35:41.560 | INFO     | pint.solar_system_ephemerides:_load_kernel_link:55 - Set solar system ephemeris to de436 from download
2025-08-28 23:35:41.564 | DEBUG    | pint.toa:compute_posvels:2417 - Adding columns ssb_obs_pos ssb_obs_vel obs_sun_pos obs_jupiter_pos obs_saturn_pos obs_venus_pos obs_uranus_pos obs_neptune_pos obs_earth_pos
2025-08-28 23:35:41.567 | DEBUG    | pint.models.absolute_phase:get_TZR_toa:121 - Done with TZR_toa
2025-08-28 23:35:41.665 | WARNING  | pint.models.troposphere_delay:_validate_altitudes:209 - Invalid altitude calculated for 99 TOAS
2025-08-28 23:35:41.744 | WARNING  | pint.models.troposphere_delay:_validate_altitudes:209 - Invalid altitude calculated for 99 TOAS
2025-08-28 23:35:41.828 | WARNING  | pint.models.troposphere_delay:_validate_altitudes:209 - Invalid altitude calculated for 99 TOAS
2025-08-28 23:35:41.908 | WARNING  | pint.models.troposphere_delay:_validate_altitudes:209 - Invalid altitude calculated for 99 TOAS
2025-08-28 23:35:41.992 | WARNING  | pint.models.troposphere_delay:_validate_altitudes:209 - Invalid altitude calculated for 99 TOAS
2025-08-28 23:35:42.075 | WARNING  | pint.models.troposphere_delay:_validate_altitudes:209 - Invalid altitude calculated for 99 TOAS
2025-08-28 23:35:42.212 | WARNING  | pint.models.troposphere_delay:_validate_altitudes:209 - Invalid altitude calculated for 99 TOAS
2025-08-28 23:35:42.330 | WARNING  | pint.models.troposphere_delay:_validate_altitudes:209 - Invalid altitude calculated for 99 TOAS
2025-08-28 23:35:42.460 | WARNING  | pint.models.troposphere_delay:_validate_altitudes:209 - Invalid altitude calculated for 99 TOAS
2025-08-28 23:35:42.604 | WARNING  | pint.models.troposphere_delay:_validate_altitudes:209 - Invalid altitude calculated for 99 TOAS
2025-08-28 23:35:42.738 | WARNING  | pint.models.troposphere_delay:_validate_altitudes:209 - Invalid altitude calculated for 99 TOAS
/scratch/na00078/conda_envs/QuickCW/lib/python3.9/site-packages/pint/models/model_builder.py:198: UserWarning: Unrecognized parfile line 'EPHVER 5'
  warnings.warn(f"Unrecognized parfile line '{p_line}'", UserWarning)
2025-08-28 23:35:42.796 | DEBUG    | pint.toa:get_TOAs:193 - Using EPHEM = DE436 from the given model
2025-08-28 23:35:42.796 | DEBUG    | pint.toa:get_TOAs:209 - Using CLOCK = BIPM2015 from the given model
2025-08-28 23:35:42.905 | DEBUG    | pint.toa:__init__:1358 - No pulse number flags found in the TOAs
2025-08-28 23:35:42.906 | DEBUG    | pint.toa:apply_clock_corrections:2200 - Applying clock corrections (include_gps = True, include_bipm = True)
2025-08-28 23:35:42.920 | INFO     | pint.observatory:gps_correction:210 - Applying GPS to UTC clock correction (~few nanoseconds)
2025-08-28 23:35:42.921 | INFO     | pint.observatory:bipm_correction:217 - Applying TT(TAI) to TT(BIPM2015) clock correction (~27 us)
2025-08-28 23:35:42.921 | INFO     | pint.observatory.topo_obs:clock_corrections:365 - Observatory axis requires no clock corrections.
2025-08-28 23:35:43.014 | DEBUG    | pint.toa:compute_TDBs:2251 - Computing TDB columns.
2025-08-28 23:35:43.014 | DEBUG    | pint.toa:compute_TDBs:2272 - Using EPHEM = DE436 for TDB calculation.
2025-08-28 23:35:43.045 | DEBUG    | pint.toa:get_TOAs:312 - Planet PosVels will be calculated.
2025-08-28 23:35:43.045 | DEBUG    | pint.toa:compute_posvels:2345 - Computing PosVels of observatories, Earth and planets, using DE436
2025-08-28 23:35:53.094 | INFO     | pint.solar_system_ephemerides:_load_kernel_link:55 - Set solar system ephemeris to de436 from download
2025-08-28 23:35:53.150 | DEBUG    | pint.toa:compute_posvels:2403 - SSB obs pos [-1.48253693e+11  8.06720484e+09  3.49699483e+09] m
2025-08-28 23:36:03.174 | INFO     | pint.solar_system_ephemerides:_load_kernel_link:55 - Set solar system ephemeris to de436 from download
2025-08-28 23:36:13.202 | INFO     | pint.solar_system_ephemerides:_load_kernel_link:55 - Set solar system ephemeris to de436 from download
2025-08-28 23:36:23.236 | INFO     | pint.solar_system_ephemerides:_load_kernel_link:55 - Set solar system ephemeris to de436 from download
2025-08-28 23:36:33.262 | INFO     | pint.solar_system_ephemerides:_load_kernel_link:55 - Set solar system ephemeris to de436 from download
2025-08-28 23:36:43.303 | INFO     | pint.solar_system_ephemerides:_load_kernel_link:55 - Set solar system ephemeris to de436 from download
2025-08-28 23:36:53.342 | INFO     | pint.solar_system_ephemerides:_load_kernel_link:55 - Set solar system ephemeris to de436 from download
2025-08-28 23:37:03.369 | INFO     | pint.solar_system_ephemerides:_load_kernel_link:55 - Set solar system ephemeris to de436 from download
2025-08-28 23:37:03.372 | DEBUG    | pint.toa:compute_posvels:2417 - Adding columns ssb_obs_pos ssb_obs_vel obs_sun_pos obs_jupiter_pos obs_saturn_pos obs_venus_pos obs_uranus_pos obs_neptune_pos obs_earth_pos
2025-08-28 23:37:03.424 | WARNING  | pint.models.troposphere_delay:_validate_altitudes:209 - Invalid altitude calculated for 94 TOAS
2025-08-28 23:37:03.487 | WARNING  | pint.models.troposphere_delay:_validate_altitudes:209 - Invalid altitude calculated for 94 TOAS
2025-08-28 23:37:03.515 | DEBUG    | pint.models.absolute_phase:get_TZR_toa:98 - Creating and dealing with the single TZR_toa for absolute phase
2025-08-28 23:37:03.517 | DEBUG    | pint.toa:__init__:1358 - No pulse number flags found in the TOAs
2025-08-28 23:37:03.518 | DEBUG    | pint.toa:apply_clock_corrections:2200 - Applying clock corrections (include_gps = True, include_bipm = True)
2025-08-28 23:37:03.518 | INFO     | pint.observatory:gps_correction:210 - Applying GPS to UTC clock correction (~few nanoseconds)
2025-08-28 23:37:03.519 | INFO     | pint.observatory:bipm_correction:217 - Applying TT(TAI) to TT(BIPM2021) clock correction (~27 us)
2025-08-28 23:37:03.520 | INFO     | pint.observatory.topo_obs:clock_corrections:365 - Observatory axis requires no clock corrections.
2025-08-28 23:37:03.521 | DEBUG    | pint.toa:compute_TDBs:2251 - Computing TDB columns.
2025-08-28 23:37:03.521 | DEBUG    | pint.toa:compute_TDBs:2272 - Using EPHEM = DE436 for TDB calculation.
2025-08-28 23:37:03.524 | DEBUG    | pint.toa:compute_posvels:2345 - Computing PosVels of observatories, Earth and planets, using DE436
2025-08-28 23:37:13.549 | INFO     | pint.solar_system_ephemerides:_load_kernel_link:55 - Set solar system ephemeris to de436 from download
2025-08-28 23:37:13.559 | DEBUG    | pint.toa:compute_posvels:2403 - SSB obs pos [ 9.42703943e+10 -1.09854745e+11 -4.76385136e+10] m
2025-08-28 23:37:23.585 | INFO     | pint.solar_system_ephemerides:_load_kernel_link:55 - Set solar system ephemeris to de436 from download
2025-08-28 23:37:33.613 | INFO     | pint.solar_system_ephemerides:_load_kernel_link:55 - Set solar system ephemeris to de436 from download
2025-08-28 23:37:43.640 | INFO     | pint.solar_system_ephemerides:_load_kernel_link:55 - Set solar system ephemeris to de436 from download
2025-08-28 23:37:53.665 | INFO     | pint.solar_system_ephemerides:_load_kernel_link:55 - Set solar system ephemeris to de436 from download
2025-08-28 23:38:03.695 | INFO     | pint.solar_system_ephemerides:_load_kernel_link:55 - Set solar system ephemeris to de436 from download
2025-08-28 23:38:13.724 | INFO     | pint.solar_system_ephemerides:_load_kernel_link:55 - Set solar system ephemeris to de436 from download
2025-08-28 23:38:23.756 | INFO     | pint.solar_system_ephemerides:_load_kernel_link:55 - Set solar system ephemeris to de436 from download
2025-08-28 23:38:23.758 | DEBUG    | pint.toa:compute_posvels:2417 - Adding columns ssb_obs_pos ssb_obs_vel obs_sun_pos obs_jupiter_pos obs_saturn_pos obs_venus_pos obs_uranus_pos obs_neptune_pos obs_earth_pos
2025-08-28 23:38:23.760 | DEBUG    | pint.models.absolute_phase:get_TZR_toa:121 - Done with TZR_toa
2025-08-28 23:38:23.857 | WARNING  | pint.models.troposphere_delay:_validate_altitudes:209 - Invalid altitude calculated for 94 TOAS
2025-08-28 23:38:23.937 | WARNING  | pint.models.troposphere_delay:_validate_altitudes:209 - Invalid altitude calculated for 94 TOAS
2025-08-28 23:38:24.018 | WARNING  | pint.models.troposphere_delay:_validate_altitudes:209 - Invalid altitude calculated for 94 TOAS
2025-08-28 23:38:24.098 | WARNING  | pint.models.troposphere_delay:_validate_altitudes:209 - Invalid altitude calculated for 94 TOAS
2025-08-28 23:38:24.177 | WARNING  | pint.models.troposphere_delay:_validate_altitudes:209 - Invalid altitude calculated for 94 TOAS
2025-08-28 23:38:24.256 | WARNING  | pint.models.troposphere_delay:_validate_altitudes:209 - Invalid altitude calculated for 94 TOAS
2025-08-28 23:38:24.336 | WARNING  | pint.models.troposphere_delay:_validate_altitudes:209 - Invalid altitude calculated for 94 TOAS
2025-08-28 23:38:24.476 | WARNING  | pint.models.troposphere_delay:_validate_altitudes:209 - Invalid altitude calculated for 94 TOAS
2025-08-28 23:38:24.592 | WARNING  | pint.models.troposphere_delay:_validate_altitudes:209 - Invalid altitude calculated for 94 TOAS
2025-08-28 23:38:24.707 | WARNING  | pint.models.troposphere_delay:_validate_altitudes:209 - Invalid altitude calculated for 94 TOAS
2025-08-28 23:38:24.835 | WARNING  | pint.models.troposphere_delay:_validate_altitudes:209 - Invalid altitude calculated for 94 TOAS
2025-08-28 23:38:24.974 | WARNING  | pint.models.troposphere_delay:_validate_altitudes:209 - Invalid altitude calculated for 94 TOAS
2025-08-28 23:38:25.098 | WARNING  | pint.models.troposphere_delay:_validate_altitudes:209 - Invalid altitude calculated for 94 TOAS
/scratch/na00078/conda_envs/QuickCW/lib/python3.9/site-packages/pint/models/model_builder.py:198: UserWarning: Unrecognized parfile line 'EPHVER 5'
  warnings.warn(f"Unrecognized parfile line '{p_line}'", UserWarning)
2025-08-28 23:38:25.185 | DEBUG    | pint.toa:get_TOAs:193 - Using EPHEM = DE436 from the given model
2025-08-28 23:38:25.185 | DEBUG    | pint.toa:get_TOAs:209 - Using CLOCK = BIPM2015 from the given model
2025-08-28 23:38:25.258 | DEBUG    | pint.toa:__init__:1358 - No pulse number flags found in the TOAs
2025-08-28 23:38:25.259 | DEBUG    | pint.toa:apply_clock_corrections:2200 - Applying clock corrections (include_gps = True, include_bipm = True)
2025-08-28 23:38:25.272 | INFO     | pint.observatory:gps_correction:210 - Applying GPS to UTC clock correction (~few nanoseconds)
2025-08-28 23:38:25.273 | INFO     | pint.observatory:bipm_correction:217 - Applying TT(TAI) to TT(BIPM2015) clock correction (~27 us)
2025-08-28 23:38:25.273 | INFO     | pint.observatory.topo_obs:clock_corrections:365 - Observatory axis requires no clock corrections.
2025-08-28 23:38:25.362 | DEBUG    | pint.toa:compute_TDBs:2251 - Computing TDB columns.
2025-08-28 23:38:25.362 | DEBUG    | pint.toa:compute_TDBs:2272 - Using EPHEM = DE436 for TDB calculation.
2025-08-28 23:38:25.394 | DEBUG    | pint.toa:get_TOAs:312 - Planet PosVels will be calculated.
2025-08-28 23:38:25.395 | DEBUG    | pint.toa:compute_posvels:2345 - Computing PosVels of observatories, Earth and planets, using DE436
2025-08-28 23:38:35.425 | INFO     | pint.solar_system_ephemerides:_load_kernel_link:55 - Set solar system ephemeris to de436 from download
2025-08-28 23:38:35.485 | DEBUG    | pint.toa:compute_posvels:2403 - SSB obs pos [-1.48183776e+11  8.97367146e+09  3.88849713e+09] m
2025-08-28 23:38:45.518 | INFO     | pint.solar_system_ephemerides:_load_kernel_link:55 - Set solar system ephemeris to de436 from download
2025-08-28 23:38:55.605 | INFO     | pint.solar_system_ephemerides:_load_kernel_link:55 - Set solar system ephemeris to de436 from download
2025-08-28 23:39:05.658 | INFO     | pint.solar_system_ephemerides:_load_kernel_link:55 - Set solar system ephemeris to de436 from download
2025-08-28 23:39:15.684 | INFO     | pint.solar_system_ephemerides:_load_kernel_link:55 - Set solar system ephemeris to de436 from download
2025-08-28 23:39:25.724 | INFO     | pint.solar_system_ephemerides:_load_kernel_link:55 - Set solar system ephemeris to de436 from download
2025-08-28 23:39:35.751 | INFO     | pint.solar_system_ephemerides:_load_kernel_link:55 - Set solar system ephemeris to de436 from download
2025-08-28 23:39:45.780 | INFO     | pint.solar_system_ephemerides:_load_kernel_link:55 - Set solar system ephemeris to de436 from download
2025-08-28 23:39:45.785 | DEBUG    | pint.toa:compute_posvels:2417 - Adding columns ssb_obs_pos ssb_obs_vel obs_sun_pos obs_jupiter_pos obs_saturn_pos obs_venus_pos obs_uranus_pos obs_neptune_pos obs_earth_pos
2025-08-28 23:39:45.839 | WARNING  | pint.models.troposphere_delay:_validate_altitudes:209 - Invalid altitude calculated for 87 TOAS
2025-08-28 23:39:45.904 | WARNING  | pint.models.troposphere_delay:_validate_altitudes:209 - Invalid altitude calculated for 87 TOAS
2025-08-28 23:39:45.934 | DEBUG    | pint.models.absolute_phase:get_TZR_toa:98 - Creating and dealing with the single TZR_toa for absolute phase
2025-08-28 23:39:45.937 | DEBUG    | pint.toa:__init__:1358 - No pulse number flags found in the TOAs
2025-08-28 23:39:45.937 | DEBUG    | pint.toa:apply_clock_corrections:2200 - Applying clock corrections (include_gps = True, include_bipm = True)
2025-08-28 23:39:45.938 | INFO     | pint.observatory:gps_correction:210 - Applying GPS to UTC clock correction (~few nanoseconds)
2025-08-28 23:39:45.938 | INFO     | pint.observatory:bipm_correction:217 - Applying TT(TAI) to TT(BIPM2021) clock correction (~27 us)
2025-08-28 23:39:45.939 | INFO     | pint.observatory.topo_obs:clock_corrections:365 - Observatory axis requires no clock corrections.
2025-08-28 23:39:45.940 | DEBUG    | pint.toa:compute_TDBs:2251 - Computing TDB columns.
2025-08-28 23:39:45.940 | DEBUG    | pint.toa:compute_TDBs:2272 - Using EPHEM = DE436 for TDB calculation.
2025-08-28 23:39:45.943 | DEBUG    | pint.toa:compute_posvels:2345 - Computing PosVels of observatories, Earth and planets, using DE436
2025-08-28 23:39:55.969 | INFO     | pint.solar_system_ephemerides:_load_kernel_link:55 - Set solar system ephemeris to de436 from download
2025-08-28 23:39:55.980 | DEBUG    | pint.toa:compute_posvels:2403 - SSB obs pos [-1.39894537e+11  4.33712826e+10  1.87846638e+10] m
2025-08-28 23:40:06.005 | INFO     | pint.solar_system_ephemerides:_load_kernel_link:55 - Set solar system ephemeris to de436 from download
2025-08-28 23:40:16.032 | INFO     | pint.solar_system_ephemerides:_load_kernel_link:55 - Set solar system ephemeris to de436 from download
2025-08-28 23:40:26.059 | INFO     | pint.solar_system_ephemerides:_load_kernel_link:55 - Set solar system ephemeris to de436 from download
2025-08-28 23:40:36.086 | INFO     | pint.solar_system_ephemerides:_load_kernel_link:55 - Set solar system ephemeris to de436 from download
2025-08-28 23:40:46.114 | INFO     | pint.solar_system_ephemerides:_load_kernel_link:55 - Set solar system ephemeris to de436 from download
2025-08-28 23:40:56.141 | INFO     | pint.solar_system_ephemerides:_load_kernel_link:55 - Set solar system ephemeris to de436 from download
2025-08-28 23:41:06.168 | INFO     | pint.solar_system_ephemerides:_load_kernel_link:55 - Set solar system ephemeris to de436 from download
2025-08-28 23:41:06.171 | DEBUG    | pint.toa:compute_posvels:2417 - Adding columns ssb_obs_pos ssb_obs_vel obs_sun_pos obs_jupiter_pos obs_saturn_pos obs_venus_pos obs_uranus_pos obs_neptune_pos obs_earth_pos
2025-08-28 23:41:06.174 | DEBUG    | pint.models.absolute_phase:get_TZR_toa:121 - Done with TZR_toa
2025-08-28 23:41:06.266 | WARNING  | pint.models.troposphere_delay:_validate_altitudes:209 - Invalid altitude calculated for 87 TOAS
2025-08-28 23:41:06.343 | WARNING  | pint.models.troposphere_delay:_validate_altitudes:209 - Invalid altitude calculated for 87 TOAS
2025-08-28 23:41:06.421 | WARNING  | pint.models.troposphere_delay:_validate_altitudes:209 - Invalid altitude calculated for 87 TOAS
2025-08-28 23:41:06.501 | WARNING  | pint.models.troposphere_delay:_validate_altitudes:209 - Invalid altitude calculated for 87 TOAS
2025-08-28 23:41:06.580 | WARNING  | pint.models.troposphere_delay:_validate_altitudes:209 - Invalid altitude calculated for 87 TOAS
2025-08-28 23:41:06.662 | WARNING  | pint.models.troposphere_delay:_validate_altitudes:209 - Invalid altitude calculated for 87 TOAS
2025-08-28 23:41:06.807 | WARNING  | pint.models.troposphere_delay:_validate_altitudes:209 - Invalid altitude calculated for 87 TOAS
2025-08-28 23:41:06.947 | WARNING  | pint.models.troposphere_delay:_validate_altitudes:209 - Invalid altitude calculated for 87 TOAS
2025-08-28 23:41:07.068 | WARNING  | pint.models.troposphere_delay:_validate_altitudes:209 - Invalid altitude calculated for 87 TOAS
2025-08-28 23:41:07.185 | WARNING  | pint.models.troposphere_delay:_validate_altitudes:209 - Invalid altitude calculated for 87 TOAS
2025-08-28 23:41:07.315 | WARNING  | pint.models.troposphere_delay:_validate_altitudes:209 - Invalid altitude calculated for 87 TOAS
2025-08-28 23:41:07.455 | WARNING  | pint.models.troposphere_delay:_validate_altitudes:209 - Invalid altitude calculated for 87 TOAS
2025-08-28 23:41:07.577 | WARNING  | pint.models.troposphere_delay:_validate_altitudes:209 - Invalid altitude calculated for 87 TOAS
/scratch/na00078/conda_envs/QuickCW/lib/python3.9/site-packages/pint/models/model_builder.py:198: UserWarning: Unrecognized parfile line 'EPHVER 5'
  warnings.warn(f"Unrecognized parfile line '{p_line}'", UserWarning)
2025-08-28 23:41:07.633 | DEBUG    | pint.toa:get_TOAs:193 - Using EPHEM = DE436 from the given model
2025-08-28 23:41:07.634 | DEBUG    | pint.toa:get_TOAs:209 - Using CLOCK = BIPM2015 from the given model
2025-08-28 23:41:07.720 | DEBUG    | pint.toa:__init__:1358 - No pulse number flags found in the TOAs
2025-08-28 23:41:07.720 | DEBUG    | pint.toa:apply_clock_corrections:2200 - Applying clock corrections (include_gps = True, include_bipm = True)
2025-08-28 23:41:07.733 | INFO     | pint.observatory:gps_correction:210 - Applying GPS to UTC clock correction (~few nanoseconds)
2025-08-28 23:41:07.734 | INFO     | pint.observatory:bipm_correction:217 - Applying TT(TAI) to TT(BIPM2015) clock correction (~27 us)
2025-08-28 23:41:07.734 | INFO     | pint.observatory.topo_obs:clock_corrections:365 - Observatory axis requires no clock corrections.
2025-08-28 23:41:07.823 | DEBUG    | pint.toa:compute_TDBs:2251 - Computing TDB columns.
2025-08-28 23:41:07.823 | DEBUG    | pint.toa:compute_TDBs:2272 - Using EPHEM = DE436 for TDB calculation.
2025-08-28 23:41:07.853 | DEBUG    | pint.toa:get_TOAs:312 - Planet PosVels will be calculated.
2025-08-28 23:41:07.854 | DEBUG    | pint.toa:compute_posvels:2345 - Computing PosVels of observatories, Earth and planets, using DE436
2025-08-28 23:41:17.883 | INFO     | pint.solar_system_ephemerides:_load_kernel_link:55 - Set solar system ephemeris to de436 from download
2025-08-28 23:41:17.939 | DEBUG    | pint.toa:compute_posvels:2403 - SSB obs pos [-1.48279893e+11  7.75032600e+09  3.35737366e+09] m
2025-08-28 23:41:27.966 | INFO     | pint.solar_system_ephemerides:_load_kernel_link:55 - Set solar system ephemeris to de436 from download
2025-08-28 23:41:37.992 | INFO     | pint.solar_system_ephemerides:_load_kernel_link:55 - Set solar system ephemeris to de436 from download
2025-08-28 23:41:48.019 | INFO     | pint.solar_system_ephemerides:_load_kernel_link:55 - Set solar system ephemeris to de436 from download
2025-08-28 23:41:58.046 | INFO     | pint.solar_system_ephemerides:_load_kernel_link:55 - Set solar system ephemeris to de436 from download
2025-08-28 23:42:08.074 | INFO     | pint.solar_system_ephemerides:_load_kernel_link:55 - Set solar system ephemeris to de436 from download
2025-08-28 23:42:18.100 | INFO     | pint.solar_system_ephemerides:_load_kernel_link:55 - Set solar system ephemeris to de436 from download
2025-08-28 23:42:28.138 | INFO     | pint.solar_system_ephemerides:_load_kernel_link:55 - Set solar system ephemeris to de436 from download
2025-08-28 23:42:28.144 | DEBUG    | pint.toa:compute_posvels:2417 - Adding columns ssb_obs_pos ssb_obs_vel obs_sun_pos obs_jupiter_pos obs_saturn_pos obs_venus_pos obs_uranus_pos obs_neptune_pos obs_earth_pos
2025-08-28 23:42:28.195 | WARNING  | pint.models.troposphere_delay:_validate_altitudes:209 - Invalid altitude calculated for 89 TOAS
2025-08-28 23:42:28.259 | WARNING  | pint.models.troposphere_delay:_validate_altitudes:209 - Invalid altitude calculated for 89 TOAS
2025-08-28 23:42:28.287 | DEBUG    | pint.models.absolute_phase:get_TZR_toa:98 - Creating and dealing with the single TZR_toa for absolute phase
2025-08-28 23:42:28.289 | DEBUG    | pint.toa:__init__:1358 - No pulse number flags found in the TOAs
2025-08-28 23:42:28.289 | DEBUG    | pint.toa:apply_clock_corrections:2200 - Applying clock corrections (include_gps = True, include_bipm = True)
2025-08-28 23:42:28.290 | INFO     | pint.observatory:gps_correction:210 - Applying GPS to UTC clock correction (~few nanoseconds)
2025-08-28 23:42:28.291 | INFO     | pint.observatory:bipm_correction:217 - Applying TT(TAI) to TT(BIPM2021) clock correction (~27 us)
2025-08-28 23:42:28.291 | INFO     | pint.observatory.topo_obs:clock_corrections:365 - Observatory axis requires no clock corrections.
2025-08-28 23:42:28.292 | DEBUG    | pint.toa:compute_TDBs:2251 - Computing TDB columns.
2025-08-28 23:42:28.292 | DEBUG    | pint.toa:compute_TDBs:2272 - Using EPHEM = DE436 for TDB calculation.
2025-08-28 23:42:28.295 | DEBUG    | pint.toa:compute_posvels:2345 - Computing PosVels of observatories, Earth and planets, using DE436
2025-08-28 23:42:38.321 | INFO     | pint.solar_system_ephemerides:_load_kernel_link:55 - Set solar system ephemeris to de436 from download
2025-08-28 23:42:38.329 | DEBUG    | pint.toa:compute_posvels:2403 - SSB obs pos [ 1.49141648e+11 -1.55459454e+10 -6.74494730e+09] m
2025-08-28 23:42:48.354 | INFO     | pint.solar_system_ephemerides:_load_kernel_link:55 - Set solar system ephemeris to de436 from download
2025-08-28 23:42:58.383 | INFO     | pint.solar_system_ephemerides:_load_kernel_link:55 - Set solar system ephemeris to de436 from download
2025-08-28 23:43:08.411 | INFO     | pint.solar_system_ephemerides:_load_kernel_link:55 - Set solar system ephemeris to de436 from download
2025-08-28 23:43:18.439 | INFO     | pint.solar_system_ephemerides:_load_kernel_link:55 - Set solar system ephemeris to de436 from download
2025-08-28 23:43:28.467 | INFO     | pint.solar_system_ephemerides:_load_kernel_link:55 - Set solar system ephemeris to de436 from download
2025-08-28 23:43:38.494 | INFO     | pint.solar_system_ephemerides:_load_kernel_link:55 - Set solar system ephemeris to de436 from download
2025-08-28 23:43:48.520 | INFO     | pint.solar_system_ephemerides:_load_kernel_link:55 - Set solar system ephemeris to de436 from download
2025-08-28 23:43:48.523 | DEBUG    | pint.toa:compute_posvels:2417 - Adding columns ssb_obs_pos ssb_obs_vel obs_sun_pos obs_jupiter_pos obs_saturn_pos obs_venus_pos obs_uranus_pos obs_neptune_pos obs_earth_pos
2025-08-28 23:43:48.525 | DEBUG    | pint.models.absolute_phase:get_TZR_toa:121 - Done with TZR_toa
2025-08-28 23:43:48.619 | WARNING  | pint.models.troposphere_delay:_validate_altitudes:209 - Invalid altitude calculated for 89 TOAS
2025-08-28 23:43:48.696 | WARNING  | pint.models.troposphere_delay:_validate_altitudes:209 - Invalid altitude calculated for 89 TOAS
2025-08-28 23:43:48.776 | WARNING  | pint.models.troposphere_delay:_validate_altitudes:209 - Invalid altitude calculated for 89 TOAS
2025-08-28 23:43:48.855 | WARNING  | pint.models.troposphere_delay:_validate_altitudes:209 - Invalid altitude calculated for 89 TOAS
2025-08-28 23:43:48.933 | WARNING  | pint.models.troposphere_delay:_validate_altitudes:209 - Invalid altitude calculated for 89 TOAS
2025-08-28 23:43:49.012 | WARNING  | pint.models.troposphere_delay:_validate_altitudes:209 - Invalid altitude calculated for 89 TOAS
2025-08-28 23:43:49.094 | WARNING  | pint.models.troposphere_delay:_validate_altitudes:209 - Invalid altitude calculated for 89 TOAS
2025-08-28 23:43:49.212 | WARNING  | pint.models.troposphere_delay:_validate_altitudes:209 - Invalid altitude calculated for 89 TOAS
2025-08-28 23:43:49.329 | WARNING  | pint.models.troposphere_delay:_validate_altitudes:209 - Invalid altitude calculated for 89 TOAS
2025-08-28 23:43:49.447 | WARNING  | pint.models.troposphere_delay:_validate_altitudes:209 - Invalid altitude calculated for 89 TOAS
2025-08-28 23:43:49.563 | WARNING  | pint.models.troposphere_delay:_validate_altitudes:209 - Invalid altitude calculated for 89 TOAS
2025-08-28 23:43:49.680 | WARNING  | pint.models.troposphere_delay:_validate_altitudes:209 - Invalid altitude calculated for 89 TOAS
2025-08-28 23:43:49.796 | WARNING  | pint.models.troposphere_delay:_validate_altitudes:209 - Invalid altitude calculated for 89 TOAS
WARNING: Could not find pulsar distance for PSR J1614-2230. Setting value to 1 with 20% uncertainty.
2025-08-28 23:43:49.916 | WARNING  | pint.models.troposphere_delay:_validate_altitudes:209 - Invalid altitude calculated for 89 TOAS
/scratch/na00078/conda_envs/QuickCW/lib/python3.9/site-packages/pint/models/model_builder.py:198: UserWarning: Unrecognized parfile line 'EPHVER 5'
  warnings.warn(f"Unrecognized parfile line '{p_line}'", UserWarning)
2025-08-28 23:43:49.970 | DEBUG    | pint.toa:get_TOAs:193 - Using EPHEM = DE436 from the given model
2025-08-28 23:43:49.970 | DEBUG    | pint.toa:get_TOAs:209 - Using CLOCK = BIPM2015 from the given model
2025-08-28 23:43:50.130 | DEBUG    | pint.toa:__init__:1358 - No pulse number flags found in the TOAs
2025-08-28 23:43:50.131 | DEBUG    | pint.toa:apply_clock_corrections:2200 - Applying clock corrections (include_gps = True, include_bipm = True)
2025-08-28 23:43:50.143 | INFO     | pint.observatory:gps_correction:210 - Applying GPS to UTC clock correction (~few nanoseconds)
2025-08-28 23:43:50.143 | INFO     | pint.observatory:bipm_correction:217 - Applying TT(TAI) to TT(BIPM2015) clock correction (~27 us)
2025-08-28 23:43:50.144 | INFO     | pint.observatory.topo_obs:clock_corrections:365 - Observatory axis requires no clock corrections.
2025-08-28 23:43:50.229 | DEBUG    | pint.toa:compute_TDBs:2251 - Computing TDB columns.
2025-08-28 23:43:50.230 | DEBUG    | pint.toa:compute_TDBs:2272 - Using EPHEM = DE436 for TDB calculation.
2025-08-28 23:43:50.259 | DEBUG    | pint.toa:get_TOAs:312 - Planet PosVels will be calculated.
2025-08-28 23:43:50.259 | DEBUG    | pint.toa:compute_posvels:2345 - Computing PosVels of observatories, Earth and planets, using DE436
2025-08-28 23:44:00.289 | INFO     | pint.solar_system_ephemerides:_load_kernel_link:55 - Set solar system ephemeris to de436 from download
2025-08-28 23:44:00.342 | DEBUG    | pint.toa:compute_posvels:2403 - SSB obs pos [-1.48052772e+11  1.01754009e+10  4.40927794e+09] m
2025-08-28 23:44:10.367 | INFO     | pint.solar_system_ephemerides:_load_kernel_link:55 - Set solar system ephemeris to de436 from download
2025-08-28 23:44:20.396 | INFO     | pint.solar_system_ephemerides:_load_kernel_link:55 - Set solar system ephemeris to de436 from download
2025-08-28 23:44:30.428 | INFO     | pint.solar_system_ephemerides:_load_kernel_link:55 - Set solar system ephemeris to de436 from download
2025-08-28 23:44:40.453 | INFO     | pint.solar_system_ephemerides:_load_kernel_link:55 - Set solar system ephemeris to de436 from download
2025-08-28 23:44:50.482 | INFO     | pint.solar_system_ephemerides:_load_kernel_link:55 - Set solar system ephemeris to de436 from download
2025-08-28 23:45:00.510 | INFO     | pint.solar_system_ephemerides:_load_kernel_link:55 - Set solar system ephemeris to de436 from download
2025-08-28 23:45:10.537 | INFO     | pint.solar_system_ephemerides:_load_kernel_link:55 - Set solar system ephemeris to de436 from download
2025-08-28 23:45:10.542 | DEBUG    | pint.toa:compute_posvels:2417 - Adding columns ssb_obs_pos ssb_obs_vel obs_sun_pos obs_jupiter_pos obs_saturn_pos obs_venus_pos obs_uranus_pos obs_neptune_pos obs_earth_pos
2025-08-28 23:45:10.596 | WARNING  | pint.models.troposphere_delay:_validate_altitudes:209 - Invalid altitude calculated for 103 TOAS
2025-08-28 23:45:10.660 | WARNING  | pint.models.troposphere_delay:_validate_altitudes:209 - Invalid altitude calculated for 103 TOAS
2025-08-28 23:45:10.688 | DEBUG    | pint.models.absolute_phase:get_TZR_toa:98 - Creating and dealing with the single TZR_toa for absolute phase
2025-08-28 23:45:10.690 | DEBUG    | pint.toa:__init__:1358 - No pulse number flags found in the TOAs
2025-08-28 23:45:10.690 | DEBUG    | pint.toa:apply_clock_corrections:2200 - Applying clock corrections (include_gps = True, include_bipm = True)
2025-08-28 23:45:10.691 | INFO     | pint.observatory:gps_correction:210 - Applying GPS to UTC clock correction (~few nanoseconds)
2025-08-28 23:45:10.692 | INFO     | pint.observatory:bipm_correction:217 - Applying TT(TAI) to TT(BIPM2021) clock correction (~27 us)
2025-08-28 23:45:10.693 | INFO     | pint.observatory.topo_obs:clock_corrections:365 - Observatory axis requires no clock corrections.
2025-08-28 23:45:10.694 | DEBUG    | pint.toa:compute_TDBs:2251 - Computing TDB columns.
2025-08-28 23:45:10.694 | DEBUG    | pint.toa:compute_TDBs:2272 - Using EPHEM = DE436 for TDB calculation.
2025-08-28 23:45:10.696 | DEBUG    | pint.toa:compute_posvels:2345 - Computing PosVels of observatories, Earth and planets, using DE436
2025-08-28 23:45:20.723 | INFO     | pint.solar_system_ephemerides:_load_kernel_link:55 - Set solar system ephemeris to de436 from download
2025-08-28 23:45:20.733 | DEBUG    | pint.toa:compute_posvels:2403 - SSB obs pos [4.18269109e+10 1.29790944e+11 5.62549313e+10] m
2025-08-28 23:45:30.758 | INFO     | pint.solar_system_ephemerides:_load_kernel_link:55 - Set solar system ephemeris to de436 from download
2025-08-28 23:45:40.785 | INFO     | pint.solar_system_ephemerides:_load_kernel_link:55 - Set solar system ephemeris to de436 from download
2025-08-28 23:45:50.812 | INFO     | pint.solar_system_ephemerides:_load_kernel_link:55 - Set solar system ephemeris to de436 from download
2025-08-28 23:46:00.841 | INFO     | pint.solar_system_ephemerides:_load_kernel_link:55 - Set solar system ephemeris to de436 from download
2025-08-28 23:46:10.868 | INFO     | pint.solar_system_ephemerides:_load_kernel_link:55 - Set solar system ephemeris to de436 from download
2025-08-28 23:46:20.897 | INFO     | pint.solar_system_ephemerides:_load_kernel_link:55 - Set solar system ephemeris to de436 from download
2025-08-28 23:46:30.926 | INFO     | pint.solar_system_ephemerides:_load_kernel_link:55 - Set solar system ephemeris to de436 from download
2025-08-28 23:46:30.929 | DEBUG    | pint.toa:compute_posvels:2417 - Adding columns ssb_obs_pos ssb_obs_vel obs_sun_pos obs_jupiter_pos obs_saturn_pos obs_venus_pos obs_uranus_pos obs_neptune_pos obs_earth_pos
2025-08-28 23:46:30.931 | DEBUG    | pint.models.absolute_phase:get_TZR_toa:121 - Done with TZR_toa
2025-08-28 23:46:31.027 | WARNING  | pint.models.troposphere_delay:_validate_altitudes:209 - Invalid altitude calculated for 103 TOAS
2025-08-28 23:46:31.106 | WARNING  | pint.models.troposphere_delay:_validate_altitudes:209 - Invalid altitude calculated for 103 TOAS
2025-08-28 23:46:31.188 | WARNING  | pint.models.troposphere_delay:_validate_altitudes:209 - Invalid altitude calculated for 103 TOAS
2025-08-28 23:46:31.270 | WARNING  | pint.models.troposphere_delay:_validate_altitudes:209 - Invalid altitude calculated for 103 TOAS
2025-08-28 23:46:31.351 | WARNING  | pint.models.troposphere_delay:_validate_altitudes:209 - Invalid altitude calculated for 103 TOAS
2025-08-28 23:46:31.434 | WARNING  | pint.models.troposphere_delay:_validate_altitudes:209 - Invalid altitude calculated for 103 TOAS
2025-08-28 23:46:31.517 | WARNING  | pint.models.troposphere_delay:_validate_altitudes:209 - Invalid altitude calculated for 103 TOAS
2025-08-28 23:46:31.665 | WARNING  | pint.models.troposphere_delay:_validate_altitudes:209 - Invalid altitude calculated for 103 TOAS
2025-08-28 23:46:31.782 | WARNING  | pint.models.troposphere_delay:_validate_altitudes:209 - Invalid altitude calculated for 103 TOAS
2025-08-28 23:46:31.898 | WARNING  | pint.models.troposphere_delay:_validate_altitudes:209 - Invalid altitude calculated for 103 TOAS
2025-08-28 23:46:32.027 | WARNING  | pint.models.troposphere_delay:_validate_altitudes:209 - Invalid altitude calculated for 103 TOAS
2025-08-28 23:46:32.169 | WARNING  | pint.models.troposphere_delay:_validate_altitudes:209 - Invalid altitude calculated for 103 TOAS
2025-08-28 23:46:32.293 | WARNING  | pint.models.troposphere_delay:_validate_altitudes:209 - Invalid altitude calculated for 103 TOAS
2025-08-28 23:46:32.417 | WARNING  | pint.models.troposphere_delay:_validate_altitudes:209 - Invalid altitude calculated for 103 TOAS
2025-08-28 23:46:32.541 | WARNING  | pint.models.troposphere_delay:_validate_altitudes:209 - Invalid altitude calculated for 103 TOAS
2025-08-28 23:46:32.663 | WARNING  | pint.models.troposphere_delay:_validate_altitudes:209 - Invalid altitude calculated for 103 TOAS
/scratch/na00078/conda_envs/QuickCW/lib/python3.9/site-packages/pint/models/model_builder.py:198: UserWarning: Unrecognized parfile line 'EPHVER 5'
  warnings.warn(f"Unrecognized parfile line '{p_line}'", UserWarning)
2025-08-28 23:46:32.714 | DEBUG    | pint.toa:get_TOAs:193 - Using EPHEM = DE436 from the given model
2025-08-28 23:46:32.714 | DEBUG    | pint.toa:get_TOAs:209 - Using CLOCK = BIPM2015 from the given model
2025-08-28 23:46:32.790 | DEBUG    | pint.toa:__init__:1358 - No pulse number flags found in the TOAs
2025-08-28 23:46:32.791 | DEBUG    | pint.toa:apply_clock_corrections:2200 - Applying clock corrections (include_gps = True, include_bipm = True)
2025-08-28 23:46:32.803 | INFO     | pint.observatory:gps_correction:210 - Applying GPS to UTC clock correction (~few nanoseconds)
2025-08-28 23:46:32.803 | INFO     | pint.observatory:bipm_correction:217 - Applying TT(TAI) to TT(BIPM2015) clock correction (~27 us)
2025-08-28 23:46:32.804 | INFO     | pint.observatory.topo_obs:clock_corrections:365 - Observatory axis requires no clock corrections.
2025-08-28 23:46:32.893 | DEBUG    | pint.toa:compute_TDBs:2251 - Computing TDB columns.
2025-08-28 23:46:32.893 | DEBUG    | pint.toa:compute_TDBs:2272 - Using EPHEM = DE436 for TDB calculation.
2025-08-28 23:46:32.922 | DEBUG    | pint.toa:get_TOAs:312 - Planet PosVels will be calculated.
2025-08-28 23:46:32.922 | DEBUG    | pint.toa:compute_posvels:2345 - Computing PosVels of observatories, Earth and planets, using DE436
2025-08-28 23:46:42.952 | INFO     | pint.solar_system_ephemerides:_load_kernel_link:55 - Set solar system ephemeris to de436 from download
2025-08-28 23:46:43.005 | DEBUG    | pint.toa:compute_posvels:2403 - SSB obs pos [-1.48274349e+11  7.81370191e+09  3.38532150e+09] m
2025-08-28 23:46:53.030 | INFO     | pint.solar_system_ephemerides:_load_kernel_link:55 - Set solar system ephemeris to de436 from download
2025-08-28 23:47:03.057 | INFO     | pint.solar_system_ephemerides:_load_kernel_link:55 - Set solar system ephemeris to de436 from download
2025-08-28 23:47:13.085 | INFO     | pint.solar_system_ephemerides:_load_kernel_link:55 - Set solar system ephemeris to de436 from download
2025-08-28 23:47:23.110 | INFO     | pint.solar_system_ephemerides:_load_kernel_link:55 - Set solar system ephemeris to de436 from download
2025-08-28 23:47:33.138 | INFO     | pint.solar_system_ephemerides:_load_kernel_link:55 - Set solar system ephemeris to de436 from download
2025-08-28 23:47:43.165 | INFO     | pint.solar_system_ephemerides:_load_kernel_link:55 - Set solar system ephemeris to de436 from download
2025-08-28 23:47:53.191 | INFO     | pint.solar_system_ephemerides:_load_kernel_link:55 - Set solar system ephemeris to de436 from download
2025-08-28 23:47:53.195 | DEBUG    | pint.toa:compute_posvels:2417 - Adding columns ssb_obs_pos ssb_obs_vel obs_sun_pos obs_jupiter_pos obs_saturn_pos obs_venus_pos obs_uranus_pos obs_neptune_pos obs_earth_pos
2025-08-28 23:47:53.248 | WARNING  | pint.models.troposphere_delay:_validate_altitudes:209 - Invalid altitude calculated for 87 TOAS
2025-08-28 23:47:53.312 | WARNING  | pint.models.troposphere_delay:_validate_altitudes:209 - Invalid altitude calculated for 87 TOAS
2025-08-28 23:47:53.339 | DEBUG    | pint.models.absolute_phase:get_TZR_toa:98 - Creating and dealing with the single TZR_toa for absolute phase
2025-08-28 23:47:53.342 | DEBUG    | pint.toa:__init__:1358 - No pulse number flags found in the TOAs
2025-08-28 23:47:53.342 | DEBUG    | pint.toa:apply_clock_corrections:2200 - Applying clock corrections (include_gps = True, include_bipm = True)
2025-08-28 23:47:53.343 | INFO     | pint.observatory:gps_correction:210 - Applying GPS to UTC clock correction (~few nanoseconds)
2025-08-28 23:47:53.343 | INFO     | pint.observatory:bipm_correction:217 - Applying TT(TAI) to TT(BIPM2021) clock correction (~27 us)
2025-08-28 23:47:53.344 | INFO     | pint.observatory.topo_obs:clock_corrections:365 - Observatory axis requires no clock corrections.
2025-08-28 23:47:53.345 | DEBUG    | pint.toa:compute_TDBs:2251 - Computing TDB columns.
2025-08-28 23:47:53.345 | DEBUG    | pint.toa:compute_TDBs:2272 - Using EPHEM = DE436 for TDB calculation.
2025-08-28 23:47:53.347 | DEBUG    | pint.toa:compute_posvels:2345 - Computing PosVels of observatories, Earth and planets, using DE436
2025-08-28 23:48:03.373 | INFO     | pint.solar_system_ephemerides:_load_kernel_link:55 - Set solar system ephemeris to de436 from download
2025-08-28 23:48:03.383 | DEBUG    | pint.toa:compute_posvels:2403 - SSB obs pos [ 1.42838195e+11 -4.25969916e+10 -1.84620567e+10] m
2025-08-28 23:48:13.419 | INFO     | pint.solar_system_ephemerides:_load_kernel_link:55 - Set solar system ephemeris to de436 from download
2025-08-28 23:48:23.445 | INFO     | pint.solar_system_ephemerides:_load_kernel_link:55 - Set solar system ephemeris to de436 from download
2025-08-28 23:48:33.473 | INFO     | pint.solar_system_ephemerides:_load_kernel_link:55 - Set solar system ephemeris to de436 from download
2025-08-28 23:48:43.501 | INFO     | pint.solar_system_ephemerides:_load_kernel_link:55 - Set solar system ephemeris to de436 from download
2025-08-28 23:48:53.529 | INFO     | pint.solar_system_ephemerides:_load_kernel_link:55 - Set solar system ephemeris to de436 from download
2025-08-28 23:49:03.557 | INFO     | pint.solar_system_ephemerides:_load_kernel_link:55 - Set solar system ephemeris to de436 from download
2025-08-28 23:49:13.595 | INFO     | pint.solar_system_ephemerides:_load_kernel_link:55 - Set solar system ephemeris to de436 from download
2025-08-28 23:49:13.597 | DEBUG    | pint.toa:compute_posvels:2417 - Adding columns ssb_obs_pos ssb_obs_vel obs_sun_pos obs_jupiter_pos obs_saturn_pos obs_venus_pos obs_uranus_pos obs_neptune_pos obs_earth_pos
2025-08-28 23:49:13.599 | DEBUG    | pint.models.absolute_phase:get_TZR_toa:121 - Done with TZR_toa
2025-08-28 23:49:13.699 | WARNING  | pint.models.troposphere_delay:_validate_altitudes:209 - Invalid altitude calculated for 87 TOAS
2025-08-28 23:49:13.778 | WARNING  | pint.models.troposphere_delay:_validate_altitudes:209 - Invalid altitude calculated for 87 TOAS
2025-08-28 23:49:13.861 | WARNING  | pint.models.troposphere_delay:_validate_altitudes:209 - Invalid altitude calculated for 87 TOAS
2025-08-28 23:49:13.943 | WARNING  | pint.models.troposphere_delay:_validate_altitudes:209 - Invalid altitude calculated for 87 TOAS
2025-08-28 23:49:14.025 | WARNING  | pint.models.troposphere_delay:_validate_altitudes:209 - Invalid altitude calculated for 87 TOAS
2025-08-28 23:49:14.106 | WARNING  | pint.models.troposphere_delay:_validate_altitudes:209 - Invalid altitude calculated for 87 TOAS
2025-08-28 23:49:14.191 | WARNING  | pint.models.troposphere_delay:_validate_altitudes:209 - Invalid altitude calculated for 87 TOAS
2025-08-28 23:49:14.338 | WARNING  | pint.models.troposphere_delay:_validate_altitudes:209 - Invalid altitude calculated for 87 TOAS
2025-08-28 23:49:14.457 | WARNING  | pint.models.troposphere_delay:_validate_altitudes:209 - Invalid altitude calculated for 87 TOAS
2025-08-28 23:49:14.578 | WARNING  | pint.models.troposphere_delay:_validate_altitudes:209 - Invalid altitude calculated for 87 TOAS
2025-08-28 23:49:14.713 | WARNING  | pint.models.troposphere_delay:_validate_altitudes:209 - Invalid altitude calculated for 87 TOAS
2025-08-28 23:49:14.859 | WARNING  | pint.models.troposphere_delay:_validate_altitudes:209 - Invalid altitude calculated for 87 TOAS
2025-08-28 23:49:14.990 | WARNING  | pint.models.troposphere_delay:_validate_altitudes:209 - Invalid altitude calculated for 87 TOAS
/scratch/na00078/conda_envs/QuickCW/lib/python3.9/site-packages/pint/models/model_builder.py:198: UserWarning: Unrecognized parfile line 'EPHVER 5'
  warnings.warn(f"Unrecognized parfile line '{p_line}'", UserWarning)
2025-08-28 23:49:15.077 | DEBUG    | pint.toa:get_TOAs:193 - Using EPHEM = DE436 from the given model
2025-08-28 23:49:15.077 | DEBUG    | pint.toa:get_TOAs:209 - Using CLOCK = BIPM2015 from the given model
2025-08-28 23:49:15.167 | DEBUG    | pint.toa:__init__:1358 - No pulse number flags found in the TOAs
2025-08-28 23:49:15.168 | DEBUG    | pint.toa:apply_clock_corrections:2200 - Applying clock corrections (include_gps = True, include_bipm = True)
2025-08-28 23:49:15.181 | INFO     | pint.observatory:gps_correction:210 - Applying GPS to UTC clock correction (~few nanoseconds)
2025-08-28 23:49:15.181 | INFO     | pint.observatory:bipm_correction:217 - Applying TT(TAI) to TT(BIPM2015) clock correction (~27 us)
2025-08-28 23:49:15.182 | INFO     | pint.observatory.topo_obs:clock_corrections:365 - Observatory axis requires no clock corrections.
2025-08-28 23:49:15.272 | DEBUG    | pint.toa:compute_TDBs:2251 - Computing TDB columns.
2025-08-28 23:49:15.272 | DEBUG    | pint.toa:compute_TDBs:2272 - Using EPHEM = DE436 for TDB calculation.
2025-08-28 23:49:15.305 | DEBUG    | pint.toa:get_TOAs:312 - Planet PosVels will be calculated.
2025-08-28 23:49:15.305 | DEBUG    | pint.toa:compute_posvels:2345 - Computing PosVels of observatories, Earth and planets, using DE436
2025-08-28 23:49:25.352 | INFO     | pint.solar_system_ephemerides:_load_kernel_link:55 - Set solar system ephemeris to de436 from download
2025-08-28 23:49:25.407 | DEBUG    | pint.toa:compute_posvels:2403 - SSB obs pos [-1.48035943e+11  1.03403135e+10  4.48197620e+09] m
2025-08-28 23:49:35.431 | INFO     | pint.solar_system_ephemerides:_load_kernel_link:55 - Set solar system ephemeris to de436 from download
2025-08-28 23:49:45.459 | INFO     | pint.solar_system_ephemerides:_load_kernel_link:55 - Set solar system ephemeris to de436 from download
2025-08-28 23:49:55.498 | INFO     | pint.solar_system_ephemerides:_load_kernel_link:55 - Set solar system ephemeris to de436 from download
2025-08-28 23:50:05.526 | INFO     | pint.solar_system_ephemerides:_load_kernel_link:55 - Set solar system ephemeris to de436 from download
2025-08-28 23:50:15.555 | INFO     | pint.solar_system_ephemerides:_load_kernel_link:55 - Set solar system ephemeris to de436 from download
2025-08-28 23:50:25.584 | INFO     | pint.solar_system_ephemerides:_load_kernel_link:55 - Set solar system ephemeris to de436 from download
2025-08-28 23:50:35.613 | INFO     | pint.solar_system_ephemerides:_load_kernel_link:55 - Set solar system ephemeris to de436 from download
2025-08-28 23:50:35.618 | DEBUG    | pint.toa:compute_posvels:2417 - Adding columns ssb_obs_pos ssb_obs_vel obs_sun_pos obs_jupiter_pos obs_saturn_pos obs_venus_pos obs_uranus_pos obs_neptune_pos obs_earth_pos
2025-08-28 23:50:35.671 | WARNING  | pint.models.troposphere_delay:_validate_altitudes:209 - Invalid altitude calculated for 88 TOAS
2025-08-28 23:50:35.736 | WARNING  | pint.models.troposphere_delay:_validate_altitudes:209 - Invalid altitude calculated for 88 TOAS
2025-08-28 23:50:35.751 | DEBUG    | pint.models.absolute_phase:get_TZR_toa:98 - Creating and dealing with the single TZR_toa for absolute phase
2025-08-28 23:50:35.753 | DEBUG    | pint.toa:__init__:1358 - No pulse number flags found in the TOAs
2025-08-28 23:50:35.754 | DEBUG    | pint.toa:apply_clock_corrections:2200 - Applying clock corrections (include_gps = True, include_bipm = True)
2025-08-28 23:50:35.754 | INFO     | pint.observatory:gps_correction:210 - Applying GPS to UTC clock correction (~few nanoseconds)
2025-08-28 23:50:35.755 | INFO     | pint.observatory:bipm_correction:217 - Applying TT(TAI) to TT(BIPM2021) clock correction (~27 us)
2025-08-28 23:50:35.756 | INFO     | pint.observatory.topo_obs:clock_corrections:365 - Observatory axis requires no clock corrections.
2025-08-28 23:50:35.757 | DEBUG    | pint.toa:compute_TDBs:2251 - Computing TDB columns.
2025-08-28 23:50:35.757 | DEBUG    | pint.toa:compute_TDBs:2272 - Using EPHEM = DE436 for TDB calculation.
2025-08-28 23:50:35.760 | DEBUG    | pint.toa:compute_posvels:2345 - Computing PosVels of observatories, Earth and planets, using DE436
2025-08-28 23:50:45.785 | INFO     | pint.solar_system_ephemerides:_load_kernel_link:55 - Set solar system ephemeris to de436 from download
2025-08-28 23:50:45.795 | DEBUG    | pint.toa:compute_posvels:2403 - SSB obs pos [-1.39957603e+11  4.32057512e+10  1.87141228e+10] m
2025-08-28 23:50:55.824 | INFO     | pint.solar_system_ephemerides:_load_kernel_link:55 - Set solar system ephemeris to de436 from download
2025-08-28 23:51:05.852 | INFO     | pint.solar_system_ephemerides:_load_kernel_link:55 - Set solar system ephemeris to de436 from download
2025-08-28 23:51:15.879 | INFO     | pint.solar_system_ephemerides:_load_kernel_link:55 - Set solar system ephemeris to de436 from download
2025-08-28 23:51:25.907 | INFO     | pint.solar_system_ephemerides:_load_kernel_link:55 - Set solar system ephemeris to de436 from download
2025-08-28 23:51:35.934 | INFO     | pint.solar_system_ephemerides:_load_kernel_link:55 - Set solar system ephemeris to de436 from download
2025-08-28 23:51:45.993 | INFO     | pint.solar_system_ephemerides:_load_kernel_link:55 - Set solar system ephemeris to de436 from download
2025-08-28 23:51:56.034 | INFO     | pint.solar_system_ephemerides:_load_kernel_link:55 - Set solar system ephemeris to de436 from download
2025-08-28 23:51:56.037 | DEBUG    | pint.toa:compute_posvels:2417 - Adding columns ssb_obs_pos ssb_obs_vel obs_sun_pos obs_jupiter_pos obs_saturn_pos obs_venus_pos obs_uranus_pos obs_neptune_pos obs_earth_pos
2025-08-28 23:51:56.039 | DEBUG    | pint.models.absolute_phase:get_TZR_toa:121 - Done with TZR_toa
2025-08-28 23:51:56.122 | WARNING  | pint.models.troposphere_delay:_validate_altitudes:209 - Invalid altitude calculated for 88 TOAS
2025-08-28 23:51:56.186 | WARNING  | pint.models.troposphere_delay:_validate_altitudes:209 - Invalid altitude calculated for 88 TOAS
2025-08-28 23:51:56.254 | WARNING  | pint.models.troposphere_delay:_validate_altitudes:209 - Invalid altitude calculated for 88 TOAS
2025-08-28 23:51:56.320 | WARNING  | pint.models.troposphere_delay:_validate_altitudes:209 - Invalid altitude calculated for 88 TOAS
2025-08-28 23:51:56.386 | WARNING  | pint.models.troposphere_delay:_validate_altitudes:209 - Invalid altitude calculated for 88 TOAS
2025-08-28 23:51:56.452 | WARNING  | pint.models.troposphere_delay:_validate_altitudes:209 - Invalid altitude calculated for 88 TOAS
2025-08-28 23:51:56.525 | WARNING  | pint.models.troposphere_delay:_validate_altitudes:209 - Invalid altitude calculated for 88 TOAS
/scratch/na00078/conda_envs/QuickCW/lib/python3.9/site-packages/pint/models/model_builder.py:198: UserWarning: Unrecognized parfile line 'EPHVER 5'
  warnings.warn(f"Unrecognized parfile line '{p_line}'", UserWarning)
2025-08-28 23:51:56.573 | DEBUG    | pint.toa:get_TOAs:193 - Using EPHEM = DE436 from the given model
2025-08-28 23:51:56.574 | DEBUG    | pint.toa:get_TOAs:209 - Using CLOCK = BIPM2015 from the given model
2025-08-28 23:51:56.647 | DEBUG    | pint.toa:__init__:1358 - No pulse number flags found in the TOAs
2025-08-28 23:51:56.648 | DEBUG    | pint.toa:apply_clock_corrections:2200 - Applying clock corrections (include_gps = True, include_bipm = True)
2025-08-28 23:51:56.660 | INFO     | pint.observatory:gps_correction:210 - Applying GPS to UTC clock correction (~few nanoseconds)
2025-08-28 23:51:56.661 | INFO     | pint.observatory:bipm_correction:217 - Applying TT(TAI) to TT(BIPM2015) clock correction (~27 us)
2025-08-28 23:51:56.662 | INFO     | pint.observatory.topo_obs:clock_corrections:365 - Observatory axis requires no clock corrections.
2025-08-28 23:51:56.749 | DEBUG    | pint.toa:compute_TDBs:2251 - Computing TDB columns.
2025-08-28 23:51:56.749 | DEBUG    | pint.toa:compute_TDBs:2272 - Using EPHEM = DE436 for TDB calculation.
2025-08-28 23:51:56.778 | DEBUG    | pint.toa:get_TOAs:312 - Planet PosVels will be calculated.
2025-08-28 23:51:56.778 | DEBUG    | pint.toa:compute_posvels:2345 - Computing PosVels of observatories, Earth and planets, using DE436
2025-08-28 23:52:06.808 | INFO     | pint.solar_system_ephemerides:_load_kernel_link:55 - Set solar system ephemeris to de436 from download
2025-08-28 23:52:06.864 | DEBUG    | pint.toa:compute_posvels:2403 - SSB obs pos [-1.47911077e+11  1.15866523e+10  5.01959679e+09] m
2025-08-28 23:52:16.890 | INFO     | pint.solar_system_ephemerides:_load_kernel_link:55 - Set solar system ephemeris to de436 from download
2025-08-28 23:52:26.918 | INFO     | pint.solar_system_ephemerides:_load_kernel_link:55 - Set solar system ephemeris to de436 from download
2025-08-28 23:52:36.958 | INFO     | pint.solar_system_ephemerides:_load_kernel_link:55 - Set solar system ephemeris to de436 from download
2025-08-28 23:52:46.987 | INFO     | pint.solar_system_ephemerides:_load_kernel_link:55 - Set solar system ephemeris to de436 from download
2025-08-28 23:52:57.017 | INFO     | pint.solar_system_ephemerides:_load_kernel_link:55 - Set solar system ephemeris to de436 from download
2025-08-28 23:53:07.044 | INFO     | pint.solar_system_ephemerides:_load_kernel_link:55 - Set solar system ephemeris to de436 from download
2025-08-28 23:53:17.072 | INFO     | pint.solar_system_ephemerides:_load_kernel_link:55 - Set solar system ephemeris to de436 from download
2025-08-28 23:53:17.074 | DEBUG    | pint.toa:compute_posvels:2417 - Adding columns ssb_obs_pos ssb_obs_vel obs_sun_pos obs_jupiter_pos obs_saturn_pos obs_venus_pos obs_uranus_pos obs_neptune_pos obs_earth_pos
2025-08-28 23:53:17.127 | WARNING  | pint.models.troposphere_delay:_validate_altitudes:209 - Invalid altitude calculated for 94 TOAS
2025-08-28 23:53:17.190 | WARNING  | pint.models.troposphere_delay:_validate_altitudes:209 - Invalid altitude calculated for 94 TOAS
2025-08-28 23:53:17.205 | DEBUG    | pint.models.absolute_phase:get_TZR_toa:98 - Creating and dealing with the single TZR_toa for absolute phase
2025-08-28 23:53:17.207 | DEBUG    | pint.toa:__init__:1358 - No pulse number flags found in the TOAs
2025-08-28 23:53:17.208 | DEBUG    | pint.toa:apply_clock_corrections:2200 - Applying clock corrections (include_gps = True, include_bipm = True)
2025-08-28 23:53:17.208 | INFO     | pint.observatory:gps_correction:210 - Applying GPS to UTC clock correction (~few nanoseconds)
2025-08-28 23:53:17.209 | INFO     | pint.observatory:bipm_correction:217 - Applying TT(TAI) to TT(BIPM2021) clock correction (~27 us)
2025-08-28 23:53:17.210 | INFO     | pint.observatory.topo_obs:clock_corrections:365 - Observatory axis requires no clock corrections.
2025-08-28 23:53:17.210 | DEBUG    | pint.toa:compute_TDBs:2251 - Computing TDB columns.
2025-08-28 23:53:17.211 | DEBUG    | pint.toa:compute_TDBs:2272 - Using EPHEM = DE436 for TDB calculation.
2025-08-28 23:53:17.213 | DEBUG    | pint.toa:compute_posvels:2345 - Computing PosVels of observatories, Earth and planets, using DE436
2025-08-28 23:53:27.239 | INFO     | pint.solar_system_ephemerides:_load_kernel_link:55 - Set solar system ephemeris to de436 from download
2025-08-28 23:53:27.248 | DEBUG    | pint.toa:compute_posvels:2403 - SSB obs pos [-1.06554491e+11  9.27121990e+10  4.01825815e+10] m
2025-08-28 23:53:37.273 | INFO     | pint.solar_system_ephemerides:_load_kernel_link:55 - Set solar system ephemeris to de436 from download
2025-08-28 23:53:47.301 | INFO     | pint.solar_system_ephemerides:_load_kernel_link:55 - Set solar system ephemeris to de436 from download
2025-08-28 23:53:57.338 | INFO     | pint.solar_system_ephemerides:_load_kernel_link:55 - Set solar system ephemeris to de436 from download
2025-08-28 23:54:07.365 | INFO     | pint.solar_system_ephemerides:_load_kernel_link:55 - Set solar system ephemeris to de436 from download
2025-08-28 23:54:17.391 | INFO     | pint.solar_system_ephemerides:_load_kernel_link:55 - Set solar system ephemeris to de436 from download
2025-08-28 23:54:27.418 | INFO     | pint.solar_system_ephemerides:_load_kernel_link:55 - Set solar system ephemeris to de436 from download
2025-08-28 23:54:37.448 | INFO     | pint.solar_system_ephemerides:_load_kernel_link:55 - Set solar system ephemeris to de436 from download
2025-08-28 23:54:37.451 | DEBUG    | pint.toa:compute_posvels:2417 - Adding columns ssb_obs_pos ssb_obs_vel obs_sun_pos obs_jupiter_pos obs_saturn_pos obs_venus_pos obs_uranus_pos obs_neptune_pos obs_earth_pos
2025-08-28 23:54:37.454 | DEBUG    | pint.models.absolute_phase:get_TZR_toa:121 - Done with TZR_toa
2025-08-28 23:54:37.468 | WARNING  | pint.models.troposphere_delay:_validate_altitudes:209 - Invalid altitude calculated for 1 TOAS
2025-08-28 23:54:37.535 | WARNING  | pint.models.troposphere_delay:_validate_altitudes:209 - Invalid altitude calculated for 94 TOAS
2025-08-28 23:54:37.598 | WARNING  | pint.models.troposphere_delay:_validate_altitudes:209 - Invalid altitude calculated for 94 TOAS
2025-08-28 23:54:37.665 | WARNING  | pint.models.troposphere_delay:_validate_altitudes:209 - Invalid altitude calculated for 94 TOAS
2025-08-28 23:54:37.730 | WARNING  | pint.models.troposphere_delay:_validate_altitudes:209 - Invalid altitude calculated for 94 TOAS
2025-08-28 23:54:37.795 | WARNING  | pint.models.troposphere_delay:_validate_altitudes:209 - Invalid altitude calculated for 94 TOAS
2025-08-28 23:54:37.861 | WARNING  | pint.models.troposphere_delay:_validate_altitudes:209 - Invalid altitude calculated for 94 TOAS
2025-08-28 23:54:37.933 | WARNING  | pint.models.troposphere_delay:_validate_altitudes:209 - Invalid altitude calculated for 94 TOAS
/scratch/na00078/conda_envs/QuickCW/lib/python3.9/site-packages/pint/models/model_builder.py:198: UserWarning: Unrecognized parfile line 'EPHVER 5'
  warnings.warn(f"Unrecognized parfile line '{p_line}'", UserWarning)
2025-08-28 23:54:37.985 | DEBUG    | pint.toa:get_TOAs:193 - Using EPHEM = DE436 from the given model
2025-08-28 23:54:37.985 | DEBUG    | pint.toa:get_TOAs:209 - Using CLOCK = BIPM2015 from the given model
2025-08-28 23:54:38.075 | DEBUG    | pint.toa:__init__:1358 - No pulse number flags found in the TOAs
2025-08-28 23:54:38.076 | DEBUG    | pint.toa:apply_clock_corrections:2200 - Applying clock corrections (include_gps = True, include_bipm = True)
2025-08-28 23:54:38.088 | INFO     | pint.observatory:gps_correction:210 - Applying GPS to UTC clock correction (~few nanoseconds)
2025-08-28 23:54:38.088 | INFO     | pint.observatory:bipm_correction:217 - Applying TT(TAI) to TT(BIPM2015) clock correction (~27 us)
2025-08-28 23:54:38.089 | INFO     | pint.observatory.topo_obs:clock_corrections:365 - Observatory axis requires no clock corrections.
2025-08-28 23:54:38.177 | DEBUG    | pint.toa:compute_TDBs:2251 - Computing TDB columns.
2025-08-28 23:54:38.177 | DEBUG    | pint.toa:compute_TDBs:2272 - Using EPHEM = DE436 for TDB calculation.
2025-08-28 23:54:38.206 | DEBUG    | pint.toa:get_TOAs:312 - Planet PosVels will be calculated.
2025-08-28 23:54:38.206 | DEBUG    | pint.toa:compute_posvels:2345 - Computing PosVels of observatories, Earth and planets, using DE436
2025-08-28 23:54:48.236 | INFO     | pint.solar_system_ephemerides:_load_kernel_link:55 - Set solar system ephemeris to de436 from download
2025-08-28 23:54:48.291 | DEBUG    | pint.toa:compute_posvels:2403 - SSB obs pos [-1.47575790e+11  1.42338798e+10  6.16620322e+09] m
2025-08-28 23:54:58.316 | INFO     | pint.solar_system_ephemerides:_load_kernel_link:55 - Set solar system ephemeris to de436 from download
2025-08-28 23:55:08.342 | INFO     | pint.solar_system_ephemerides:_load_kernel_link:55 - Set solar system ephemeris to de436 from download
2025-08-28 23:55:18.370 | INFO     | pint.solar_system_ephemerides:_load_kernel_link:55 - Set solar system ephemeris to de436 from download
2025-08-28 23:55:28.403 | INFO     | pint.solar_system_ephemerides:_load_kernel_link:55 - Set solar system ephemeris to de436 from download
2025-08-28 23:55:38.432 | INFO     | pint.solar_system_ephemerides:_load_kernel_link:55 - Set solar system ephemeris to de436 from download
2025-08-28 23:55:48.459 | INFO     | pint.solar_system_ephemerides:_load_kernel_link:55 - Set solar system ephemeris to de436 from download
2025-08-28 23:55:58.486 | INFO     | pint.solar_system_ephemerides:_load_kernel_link:55 - Set solar system ephemeris to de436 from download
2025-08-28 23:55:58.491 | DEBUG    | pint.toa:compute_posvels:2417 - Adding columns ssb_obs_pos ssb_obs_vel obs_sun_pos obs_jupiter_pos obs_saturn_pos obs_venus_pos obs_uranus_pos obs_neptune_pos obs_earth_pos
2025-08-28 23:55:58.543 | WARNING  | pint.models.troposphere_delay:_validate_altitudes:209 - Invalid altitude calculated for 102 TOAS
2025-08-28 23:55:58.606 | WARNING  | pint.models.troposphere_delay:_validate_altitudes:209 - Invalid altitude calculated for 102 TOAS
2025-08-28 23:55:58.635 | DEBUG    | pint.models.absolute_phase:get_TZR_toa:98 - Creating and dealing with the single TZR_toa for absolute phase
2025-08-28 23:55:58.637 | DEBUG    | pint.toa:__init__:1358 - No pulse number flags found in the TOAs
2025-08-28 23:55:58.638 | DEBUG    | pint.toa:apply_clock_corrections:2200 - Applying clock corrections (include_gps = True, include_bipm = True)
2025-08-28 23:55:58.638 | INFO     | pint.observatory:gps_correction:210 - Applying GPS to UTC clock correction (~few nanoseconds)
2025-08-28 23:55:58.639 | INFO     | pint.observatory:bipm_correction:217 - Applying TT(TAI) to TT(BIPM2021) clock correction (~27 us)
2025-08-28 23:55:58.640 | INFO     | pint.observatory.topo_obs:clock_corrections:365 - Observatory axis requires no clock corrections.
2025-08-28 23:55:58.641 | DEBUG    | pint.toa:compute_TDBs:2251 - Computing TDB columns.
2025-08-28 23:55:58.641 | DEBUG    | pint.toa:compute_TDBs:2272 - Using EPHEM = DE436 for TDB calculation.
2025-08-28 23:55:58.644 | DEBUG    | pint.toa:compute_posvels:2345 - Computing PosVels of observatories, Earth and planets, using DE436
2025-08-28 23:56:08.681 | INFO     | pint.solar_system_ephemerides:_load_kernel_link:55 - Set solar system ephemeris to de436 from download
2025-08-28 23:56:08.693 | DEBUG    | pint.toa:compute_posvels:2403 - SSB obs pos [5.51602735e+09 1.34912519e+11 5.84738049e+10] m
2025-08-28 23:56:18.719 | INFO     | pint.solar_system_ephemerides:_load_kernel_link:55 - Set solar system ephemeris to de436 from download
2025-08-28 23:56:28.748 | INFO     | pint.solar_system_ephemerides:_load_kernel_link:55 - Set solar system ephemeris to de436 from download
2025-08-28 23:56:38.775 | INFO     | pint.solar_system_ephemerides:_load_kernel_link:55 - Set solar system ephemeris to de436 from download
2025-08-28 23:56:48.804 | INFO     | pint.solar_system_ephemerides:_load_kernel_link:55 - Set solar system ephemeris to de436 from download
2025-08-28 23:56:58.846 | INFO     | pint.solar_system_ephemerides:_load_kernel_link:55 - Set solar system ephemeris to de436 from download
2025-08-28 23:57:08.873 | INFO     | pint.solar_system_ephemerides:_load_kernel_link:55 - Set solar system ephemeris to de436 from download
2025-08-28 23:57:18.901 | INFO     | pint.solar_system_ephemerides:_load_kernel_link:55 - Set solar system ephemeris to de436 from download
2025-08-28 23:57:18.904 | DEBUG    | pint.toa:compute_posvels:2417 - Adding columns ssb_obs_pos ssb_obs_vel obs_sun_pos obs_jupiter_pos obs_saturn_pos obs_venus_pos obs_uranus_pos obs_neptune_pos obs_earth_pos
2025-08-28 23:57:18.907 | DEBUG    | pint.models.absolute_phase:get_TZR_toa:121 - Done with TZR_toa
2025-08-28 23:57:19.012 | WARNING  | pint.models.troposphere_delay:_validate_altitudes:209 - Invalid altitude calculated for 102 TOAS
2025-08-28 23:57:19.094 | WARNING  | pint.models.troposphere_delay:_validate_altitudes:209 - Invalid altitude calculated for 102 TOAS
2025-08-28 23:57:19.176 | WARNING  | pint.models.troposphere_delay:_validate_altitudes:209 - Invalid altitude calculated for 102 TOAS
2025-08-28 23:57:19.258 | WARNING  | pint.models.troposphere_delay:_validate_altitudes:209 - Invalid altitude calculated for 102 TOAS
2025-08-28 23:57:19.340 | WARNING  | pint.models.troposphere_delay:_validate_altitudes:209 - Invalid altitude calculated for 102 TOAS
2025-08-28 23:57:19.422 | WARNING  | pint.models.troposphere_delay:_validate_altitudes:209 - Invalid altitude calculated for 102 TOAS
2025-08-28 23:57:19.507 | WARNING  | pint.models.troposphere_delay:_validate_altitudes:209 - Invalid altitude calculated for 102 TOAS
2025-08-28 23:57:19.655 | WARNING  | pint.models.troposphere_delay:_validate_altitudes:209 - Invalid altitude calculated for 102 TOAS
2025-08-28 23:57:19.773 | WARNING  | pint.models.troposphere_delay:_validate_altitudes:209 - Invalid altitude calculated for 102 TOAS
2025-08-28 23:57:19.888 | WARNING  | pint.models.troposphere_delay:_validate_altitudes:209 - Invalid altitude calculated for 102 TOAS
2025-08-28 23:57:20.018 | WARNING  | pint.models.troposphere_delay:_validate_altitudes:209 - Invalid altitude calculated for 102 TOAS
2025-08-28 23:57:20.157 | WARNING  | pint.models.troposphere_delay:_validate_altitudes:209 - Invalid altitude calculated for 102 TOAS
2025-08-28 23:57:20.280 | WARNING  | pint.models.troposphere_delay:_validate_altitudes:209 - Invalid altitude calculated for 102 TOAS
2025-08-28 23:57:20.403 | WARNING  | pint.models.troposphere_delay:_validate_altitudes:209 - Invalid altitude calculated for 102 TOAS
2025-08-28 23:57:20.528 | WARNING  | pint.models.troposphere_delay:_validate_altitudes:209 - Invalid altitude calculated for 102 TOAS
/scratch/na00078/conda_envs/QuickCW/lib/python3.9/site-packages/pint/models/model_builder.py:198: UserWarning: Unrecognized parfile line 'EPHVER 5'
  warnings.warn(f"Unrecognized parfile line '{p_line}'", UserWarning)
2025-08-28 23:57:20.583 | DEBUG    | pint.toa:get_TOAs:193 - Using EPHEM = DE436 from the given model
2025-08-28 23:57:20.584 | DEBUG    | pint.toa:get_TOAs:209 - Using CLOCK = BIPM2015 from the given model
2025-08-28 23:57:20.673 | DEBUG    | pint.toa:__init__:1358 - No pulse number flags found in the TOAs
2025-08-28 23:57:20.674 | DEBUG    | pint.toa:apply_clock_corrections:2200 - Applying clock corrections (include_gps = True, include_bipm = True)
2025-08-28 23:57:20.686 | INFO     | pint.observatory:gps_correction:210 - Applying GPS to UTC clock correction (~few nanoseconds)
2025-08-28 23:57:20.687 | INFO     | pint.observatory:bipm_correction:217 - Applying TT(TAI) to TT(BIPM2015) clock correction (~27 us)
2025-08-28 23:57:20.688 | INFO     | pint.observatory.topo_obs:clock_corrections:365 - Observatory axis requires no clock corrections.
2025-08-28 23:57:20.775 | DEBUG    | pint.toa:compute_TDBs:2251 - Computing TDB columns.
2025-08-28 23:57:20.775 | DEBUG    | pint.toa:compute_TDBs:2272 - Using EPHEM = DE436 for TDB calculation.
2025-08-28 23:57:20.805 | DEBUG    | pint.toa:get_TOAs:312 - Planet PosVels will be calculated.
2025-08-28 23:57:20.805 | DEBUG    | pint.toa:compute_posvels:2345 - Computing PosVels of observatories, Earth and planets, using DE436
2025-08-28 23:57:30.836 | INFO     | pint.solar_system_ephemerides:_load_kernel_link:55 - Set solar system ephemeris to de436 from download
2025-08-28 23:57:30.892 | DEBUG    | pint.toa:compute_posvels:2403 - SSB obs pos [-1.46786903e+11  1.92448375e+10  8.33945947e+09] m
2025-08-28 23:57:40.917 | INFO     | pint.solar_system_ephemerides:_load_kernel_link:55 - Set solar system ephemeris to de436 from download
2025-08-28 23:57:50.943 | INFO     | pint.solar_system_ephemerides:_load_kernel_link:55 - Set solar system ephemeris to de436 from download
2025-08-28 23:58:00.970 | INFO     | pint.solar_system_ephemerides:_load_kernel_link:55 - Set solar system ephemeris to de436 from download
2025-08-28 23:58:10.998 | INFO     | pint.solar_system_ephemerides:_load_kernel_link:55 - Set solar system ephemeris to de436 from download
2025-08-28 23:58:21.020 | INFO     | pint.solar_system_ephemerides:_load_kernel_link:55 - Set solar system ephemeris to de436 from download
2025-08-28 23:58:31.045 | INFO     | pint.solar_system_ephemerides:_load_kernel_link:55 - Set solar system ephemeris to de436 from download
2025-08-28 23:58:41.074 | INFO     | pint.solar_system_ephemerides:_load_kernel_link:55 - Set solar system ephemeris to de436 from download
2025-08-28 23:58:41.078 | DEBUG    | pint.toa:compute_posvels:2417 - Adding columns ssb_obs_pos ssb_obs_vel obs_sun_pos obs_jupiter_pos obs_saturn_pos obs_venus_pos obs_uranus_pos obs_neptune_pos obs_earth_pos
2025-08-28 23:58:41.130 | WARNING  | pint.models.troposphere_delay:_validate_altitudes:209 - Invalid altitude calculated for 99 TOAS
2025-08-28 23:58:41.193 | WARNING  | pint.models.troposphere_delay:_validate_altitudes:209 - Invalid altitude calculated for 99 TOAS
2025-08-28 23:58:41.221 | DEBUG    | pint.models.absolute_phase:get_TZR_toa:98 - Creating and dealing with the single TZR_toa for absolute phase
2025-08-28 23:58:41.224 | DEBUG    | pint.toa:__init__:1358 - No pulse number flags found in the TOAs
2025-08-28 23:58:41.224 | DEBUG    | pint.toa:apply_clock_corrections:2200 - Applying clock corrections (include_gps = True, include_bipm = True)
2025-08-28 23:58:41.225 | INFO     | pint.observatory:gps_correction:210 - Applying GPS to UTC clock correction (~few nanoseconds)
2025-08-28 23:58:41.225 | INFO     | pint.observatory:bipm_correction:217 - Applying TT(TAI) to TT(BIPM2021) clock correction (~27 us)
2025-08-28 23:58:41.226 | INFO     | pint.observatory.topo_obs:clock_corrections:365 - Observatory axis requires no clock corrections.
2025-08-28 23:58:41.227 | DEBUG    | pint.toa:compute_TDBs:2251 - Computing TDB columns.
2025-08-28 23:58:41.227 | DEBUG    | pint.toa:compute_TDBs:2272 - Using EPHEM = DE436 for TDB calculation.
2025-08-28 23:58:41.230 | DEBUG    | pint.toa:compute_posvels:2345 - Computing PosVels of observatories, Earth and planets, using DE436
2025-08-28 23:58:51.255 | INFO     | pint.solar_system_ephemerides:_load_kernel_link:55 - Set solar system ephemeris to de436 from download
2025-08-28 23:58:51.263 | DEBUG    | pint.toa:compute_posvels:2403 - SSB obs pos [ 1.42895326e+11 -4.24351006e+10 -1.83921211e+10] m
2025-08-28 23:59:01.301 | INFO     | pint.solar_system_ephemerides:_load_kernel_link:55 - Set solar system ephemeris to de436 from download
2025-08-28 23:59:11.326 | INFO     | pint.solar_system_ephemerides:_load_kernel_link:55 - Set solar system ephemeris to de436 from download
2025-08-28 23:59:21.358 | INFO     | pint.solar_system_ephemerides:_load_kernel_link:55 - Set solar system ephemeris to de436 from download
2025-08-28 23:59:31.412 | INFO     | pint.solar_system_ephemerides:_load_kernel_link:55 - Set solar system ephemeris to de436 from download
2025-08-28 23:59:41.453 | INFO     | pint.solar_system_ephemerides:_load_kernel_link:55 - Set solar system ephemeris to de436 from download
2025-08-28 23:59:51.478 | INFO     | pint.solar_system_ephemerides:_load_kernel_link:55 - Set solar system ephemeris to de436 from download
2025-08-29 00:00:01.503 | INFO     | pint.solar_system_ephemerides:_load_kernel_link:55 - Set solar system ephemeris to de436 from download
2025-08-29 00:00:01.505 | DEBUG    | pint.toa:compute_posvels:2417 - Adding columns ssb_obs_pos ssb_obs_vel obs_sun_pos obs_jupiter_pos obs_saturn_pos obs_venus_pos obs_uranus_pos obs_neptune_pos obs_earth_pos
2025-08-29 00:00:01.506 | DEBUG    | pint.models.absolute_phase:get_TZR_toa:121 - Done with TZR_toa
2025-08-29 00:00:01.599 | WARNING  | pint.models.troposphere_delay:_validate_altitudes:209 - Invalid altitude calculated for 99 TOAS
2025-08-29 00:00:01.676 | WARNING  | pint.models.troposphere_delay:_validate_altitudes:209 - Invalid altitude calculated for 99 TOAS
2025-08-29 00:00:01.754 | WARNING  | pint.models.troposphere_delay:_validate_altitudes:209 - Invalid altitude calculated for 99 TOAS
2025-08-29 00:00:01.833 | WARNING  | pint.models.troposphere_delay:_validate_altitudes:209 - Invalid altitude calculated for 99 TOAS
2025-08-29 00:00:01.912 | WARNING  | pint.models.troposphere_delay:_validate_altitudes:209 - Invalid altitude calculated for 99 TOAS
2025-08-29 00:00:01.991 | WARNING  | pint.models.troposphere_delay:_validate_altitudes:209 - Invalid altitude calculated for 99 TOAS
2025-08-29 00:00:02.072 | WARNING  | pint.models.troposphere_delay:_validate_altitudes:209 - Invalid altitude calculated for 99 TOAS
2025-08-29 00:00:02.189 | WARNING  | pint.models.troposphere_delay:_validate_altitudes:209 - Invalid altitude calculated for 99 TOAS
2025-08-29 00:00:02.304 | WARNING  | pint.models.troposphere_delay:_validate_altitudes:209 - Invalid altitude calculated for 99 TOAS
2025-08-29 00:00:02.420 | WARNING  | pint.models.troposphere_delay:_validate_altitudes:209 - Invalid altitude calculated for 99 TOAS
2025-08-29 00:00:02.536 | WARNING  | pint.models.troposphere_delay:_validate_altitudes:209 - Invalid altitude calculated for 99 TOAS
2025-08-29 00:00:02.654 | WARNING  | pint.models.troposphere_delay:_validate_altitudes:209 - Invalid altitude calculated for 99 TOAS
2025-08-29 00:00:02.769 | WARNING  | pint.models.troposphere_delay:_validate_altitudes:209 - Invalid altitude calculated for 99 TOAS
2025-08-29 00:00:02.882 | WARNING  | pint.models.troposphere_delay:_validate_altitudes:209 - Invalid altitude calculated for 99 TOAS
2025-08-29 00:00:02.997 | WARNING  | pint.models.troposphere_delay:_validate_altitudes:209 - Invalid altitude calculated for 99 TOAS
2025-08-29 00:00:03.114 | WARNING  | pint.models.troposphere_delay:_validate_altitudes:209 - Invalid altitude calculated for 99 TOAS
/scratch/na00078/conda_envs/QuickCW/lib/python3.9/site-packages/pint/models/model_builder.py:198: UserWarning: Unrecognized parfile line 'EPHVER 5'
  warnings.warn(f"Unrecognized parfile line '{p_line}'", UserWarning)
2025-08-29 00:00:03.196 | DEBUG    | pint.toa:get_TOAs:193 - Using EPHEM = DE436 from the given model
2025-08-29 00:00:03.197 | DEBUG    | pint.toa:get_TOAs:209 - Using CLOCK = BIPM2015 from the given model
2025-08-29 00:00:03.280 | DEBUG    | pint.toa:__init__:1358 - No pulse number flags found in the TOAs
2025-08-29 00:00:03.281 | DEBUG    | pint.toa:apply_clock_corrections:2200 - Applying clock corrections (include_gps = True, include_bipm = True)
2025-08-29 00:00:03.293 | INFO     | pint.observatory:gps_correction:210 - Applying GPS to UTC clock correction (~few nanoseconds)
2025-08-29 00:00:03.294 | INFO     | pint.observatory:bipm_correction:217 - Applying TT(TAI) to TT(BIPM2015) clock correction (~27 us)
2025-08-29 00:00:03.295 | INFO     | pint.observatory.topo_obs:clock_corrections:365 - Observatory axis requires no clock corrections.
2025-08-29 00:00:03.381 | DEBUG    | pint.toa:compute_TDBs:2251 - Computing TDB columns.
2025-08-29 00:00:03.381 | DEBUG    | pint.toa:compute_TDBs:2272 - Using EPHEM = DE436 for TDB calculation.
2025-08-29 00:00:03.489 | DEBUG    | pint.toa:get_TOAs:312 - Planet PosVels will be calculated.
2025-08-29 00:00:03.490 | DEBUG    | pint.toa:compute_posvels:2345 - Computing PosVels of observatories, Earth and planets, using DE436
2025-08-29 00:00:13.519 | INFO     | pint.solar_system_ephemerides:_load_kernel_link:55 - Set solar system ephemeris to de436 from download
2025-08-29 00:00:13.573 | DEBUG    | pint.toa:compute_posvels:2403 - SSB obs pos [-1.48116699e+11  9.60960375e+09  4.16124033e+09] m
2025-08-29 00:00:23.609 | INFO     | pint.solar_system_ephemerides:_load_kernel_link:55 - Set solar system ephemeris to de436 from download
2025-08-29 00:00:33.635 | INFO     | pint.solar_system_ephemerides:_load_kernel_link:55 - Set solar system ephemeris to de436 from download
2025-08-29 00:00:43.661 | INFO     | pint.solar_system_ephemerides:_load_kernel_link:55 - Set solar system ephemeris to de436 from download
2025-08-29 00:00:53.690 | INFO     | pint.solar_system_ephemerides:_load_kernel_link:55 - Set solar system ephemeris to de436 from download
2025-08-29 00:01:03.715 | INFO     | pint.solar_system_ephemerides:_load_kernel_link:55 - Set solar system ephemeris to de436 from download
2025-08-29 00:01:13.743 | INFO     | pint.solar_system_ephemerides:_load_kernel_link:55 - Set solar system ephemeris to de436 from download
2025-08-29 00:01:23.771 | INFO     | pint.solar_system_ephemerides:_load_kernel_link:55 - Set solar system ephemeris to de436 from download
2025-08-29 00:01:23.775 | DEBUG    | pint.toa:compute_posvels:2417 - Adding columns ssb_obs_pos ssb_obs_vel obs_sun_pos obs_jupiter_pos obs_saturn_pos obs_venus_pos obs_uranus_pos obs_neptune_pos obs_earth_pos
2025-08-29 00:01:23.828 | WARNING  | pint.models.troposphere_delay:_validate_altitudes:209 - Invalid altitude calculated for 77 TOAS
2025-08-29 00:01:23.892 | WARNING  | pint.models.troposphere_delay:_validate_altitudes:209 - Invalid altitude calculated for 77 TOAS
2025-08-29 00:01:23.907 | DEBUG    | pint.models.absolute_phase:get_TZR_toa:98 - Creating and dealing with the single TZR_toa for absolute phase
2025-08-29 00:01:23.909 | DEBUG    | pint.toa:__init__:1358 - No pulse number flags found in the TOAs
2025-08-29 00:01:23.909 | DEBUG    | pint.toa:apply_clock_corrections:2200 - Applying clock corrections (include_gps = True, include_bipm = True)
2025-08-29 00:01:23.910 | INFO     | pint.observatory:gps_correction:210 - Applying GPS to UTC clock correction (~few nanoseconds)
2025-08-29 00:01:23.910 | INFO     | pint.observatory:bipm_correction:217 - Applying TT(TAI) to TT(BIPM2021) clock correction (~27 us)
2025-08-29 00:01:23.911 | INFO     | pint.observatory.topo_obs:clock_corrections:365 - Observatory axis requires no clock corrections.
2025-08-29 00:01:23.912 | DEBUG    | pint.toa:compute_TDBs:2251 - Computing TDB columns.
2025-08-29 00:01:23.912 | DEBUG    | pint.toa:compute_TDBs:2272 - Using EPHEM = DE436 for TDB calculation.
2025-08-29 00:01:23.915 | DEBUG    | pint.toa:compute_posvels:2345 - Computing PosVels of observatories, Earth and planets, using DE436
2025-08-29 00:01:33.939 | INFO     | pint.solar_system_ephemerides:_load_kernel_link:55 - Set solar system ephemeris to de436 from download
2025-08-29 00:01:33.950 | DEBUG    | pint.toa:compute_posvels:2403 - SSB obs pos [ 1.42240490e+11 -4.43404716e+10 -1.92200773e+10] m
2025-08-29 00:01:43.974 | INFO     | pint.solar_system_ephemerides:_load_kernel_link:55 - Set solar system ephemeris to de436 from download
2025-08-29 00:01:54.001 | INFO     | pint.solar_system_ephemerides:_load_kernel_link:55 - Set solar system ephemeris to de436 from download
2025-08-29 00:02:04.019 | INFO     | pint.solar_system_ephemerides:_load_kernel_link:55 - Set solar system ephemeris to de436 from download
2025-08-29 00:02:14.046 | INFO     | pint.solar_system_ephemerides:_load_kernel_link:55 - Set solar system ephemeris to de436 from download
2025-08-29 00:02:24.077 | INFO     | pint.solar_system_ephemerides:_load_kernel_link:55 - Set solar system ephemeris to de436 from download
2025-08-29 00:02:34.104 | INFO     | pint.solar_system_ephemerides:_load_kernel_link:55 - Set solar system ephemeris to de436 from download
2025-08-29 00:02:44.132 | INFO     | pint.solar_system_ephemerides:_load_kernel_link:55 - Set solar system ephemeris to de436 from download
2025-08-29 00:02:44.135 | DEBUG    | pint.toa:compute_posvels:2417 - Adding columns ssb_obs_pos ssb_obs_vel obs_sun_pos obs_jupiter_pos obs_saturn_pos obs_venus_pos obs_uranus_pos obs_neptune_pos obs_earth_pos
2025-08-29 00:02:44.138 | DEBUG    | pint.models.absolute_phase:get_TZR_toa:121 - Done with TZR_toa
2025-08-29 00:02:44.219 | WARNING  | pint.models.troposphere_delay:_validate_altitudes:209 - Invalid altitude calculated for 77 TOAS
2025-08-29 00:02:44.283 | WARNING  | pint.models.troposphere_delay:_validate_altitudes:209 - Invalid altitude calculated for 77 TOAS
2025-08-29 00:02:44.350 | WARNING  | pint.models.troposphere_delay:_validate_altitudes:209 - Invalid altitude calculated for 77 TOAS
2025-08-29 00:02:44.416 | WARNING  | pint.models.troposphere_delay:_validate_altitudes:209 - Invalid altitude calculated for 77 TOAS
2025-08-29 00:02:44.482 | WARNING  | pint.models.troposphere_delay:_validate_altitudes:209 - Invalid altitude calculated for 77 TOAS
2025-08-29 00:02:44.548 | WARNING  | pint.models.troposphere_delay:_validate_altitudes:209 - Invalid altitude calculated for 77 TOAS
2025-08-29 00:02:44.621 | WARNING  | pint.models.troposphere_delay:_validate_altitudes:209 - Invalid altitude calculated for 77 TOAS
/scratch/na00078/conda_envs/QuickCW/lib/python3.9/site-packages/pint/models/model_builder.py:198: UserWarning: Unrecognized parfile line 'EPHVER 5'
  warnings.warn(f"Unrecognized parfile line '{p_line}'", UserWarning)
2025-08-29 00:02:44.668 | DEBUG    | pint.toa:get_TOAs:193 - Using EPHEM = DE436 from the given model
2025-08-29 00:02:44.669 | DEBUG    | pint.toa:get_TOAs:209 - Using CLOCK = BIPM2015 from the given model
2025-08-29 00:02:44.743 | DEBUG    | pint.toa:__init__:1358 - No pulse number flags found in the TOAs
2025-08-29 00:02:44.744 | DEBUG    | pint.toa:apply_clock_corrections:2200 - Applying clock corrections (include_gps = True, include_bipm = True)
2025-08-29 00:02:44.756 | INFO     | pint.observatory:gps_correction:210 - Applying GPS to UTC clock correction (~few nanoseconds)
2025-08-29 00:02:44.757 | INFO     | pint.observatory:bipm_correction:217 - Applying TT(TAI) to TT(BIPM2015) clock correction (~27 us)
2025-08-29 00:02:44.758 | INFO     | pint.observatory.topo_obs:clock_corrections:365 - Observatory axis requires no clock corrections.
2025-08-29 00:02:44.845 | DEBUG    | pint.toa:compute_TDBs:2251 - Computing TDB columns.
2025-08-29 00:02:44.845 | DEBUG    | pint.toa:compute_TDBs:2272 - Using EPHEM = DE436 for TDB calculation.
2025-08-29 00:02:44.876 | DEBUG    | pint.toa:get_TOAs:312 - Planet PosVels will be calculated.
2025-08-29 00:02:44.876 | DEBUG    | pint.toa:compute_posvels:2345 - Computing PosVels of observatories, Earth and planets, using DE436
2025-08-29 00:02:54.906 | INFO     | pint.solar_system_ephemerides:_load_kernel_link:55 - Set solar system ephemeris to de436 from download
2025-08-29 00:02:54.961 | DEBUG    | pint.toa:compute_posvels:2403 - SSB obs pos [-1.48109155e+11  9.67460589e+09  4.18947991e+09] m
2025-08-29 00:03:04.985 | INFO     | pint.solar_system_ephemerides:_load_kernel_link:55 - Set solar system ephemeris to de436 from download
2025-08-29 00:03:15.013 | INFO     | pint.solar_system_ephemerides:_load_kernel_link:55 - Set solar system ephemeris to de436 from download
2025-08-29 00:03:25.039 | INFO     | pint.solar_system_ephemerides:_load_kernel_link:55 - Set solar system ephemeris to de436 from download
2025-08-29 00:03:35.069 | INFO     | pint.solar_system_ephemerides:_load_kernel_link:55 - Set solar system ephemeris to de436 from download
2025-08-29 00:03:45.097 | INFO     | pint.solar_system_ephemerides:_load_kernel_link:55 - Set solar system ephemeris to de436 from download
2025-08-29 00:03:55.125 | INFO     | pint.solar_system_ephemerides:_load_kernel_link:55 - Set solar system ephemeris to de436 from download
2025-08-29 00:04:05.153 | INFO     | pint.solar_system_ephemerides:_load_kernel_link:55 - Set solar system ephemeris to de436 from download
2025-08-29 00:04:05.157 | DEBUG    | pint.toa:compute_posvels:2417 - Adding columns ssb_obs_pos ssb_obs_vel obs_sun_pos obs_jupiter_pos obs_saturn_pos obs_venus_pos obs_uranus_pos obs_neptune_pos obs_earth_pos
2025-08-29 00:04:05.210 | WARNING  | pint.models.troposphere_delay:_validate_altitudes:209 - Invalid altitude calculated for 94 TOAS
2025-08-29 00:04:05.274 | WARNING  | pint.models.troposphere_delay:_validate_altitudes:209 - Invalid altitude calculated for 94 TOAS
2025-08-29 00:04:05.290 | DEBUG    | pint.models.absolute_phase:get_TZR_toa:98 - Creating and dealing with the single TZR_toa for absolute phase
2025-08-29 00:04:05.292 | DEBUG    | pint.toa:__init__:1358 - No pulse number flags found in the TOAs
2025-08-29 00:04:05.292 | DEBUG    | pint.toa:apply_clock_corrections:2200 - Applying clock corrections (include_gps = True, include_bipm = True)
2025-08-29 00:04:05.293 | INFO     | pint.observatory:gps_correction:210 - Applying GPS to UTC clock correction (~few nanoseconds)
2025-08-29 00:04:05.294 | INFO     | pint.observatory:bipm_correction:217 - Applying TT(TAI) to TT(BIPM2021) clock correction (~27 us)
2025-08-29 00:04:05.294 | INFO     | pint.observatory.topo_obs:clock_corrections:365 - Observatory axis requires no clock corrections.
2025-08-29 00:04:05.295 | DEBUG    | pint.toa:compute_TDBs:2251 - Computing TDB columns.
2025-08-29 00:04:05.295 | DEBUG    | pint.toa:compute_TDBs:2272 - Using EPHEM = DE436 for TDB calculation.
2025-08-29 00:04:05.299 | DEBUG    | pint.toa:compute_posvels:2345 - Computing PosVels of observatories, Earth and planets, using DE436
2025-08-29 00:04:15.324 | INFO     | pint.solar_system_ephemerides:_load_kernel_link:55 - Set solar system ephemeris to de436 from download
2025-08-29 00:04:15.337 | DEBUG    | pint.toa:compute_posvels:2403 - SSB obs pos [-1.13233944e+11  8.75486543e+10  3.79445971e+10] m
2025-08-29 00:04:25.381 | INFO     | pint.solar_system_ephemerides:_load_kernel_link:55 - Set solar system ephemeris to de436 from download
2025-08-29 00:04:35.420 | INFO     | pint.solar_system_ephemerides:_load_kernel_link:55 - Set solar system ephemeris to de436 from download
2025-08-29 00:04:45.447 | INFO     | pint.solar_system_ephemerides:_load_kernel_link:55 - Set solar system ephemeris to de436 from download
2025-08-29 00:04:55.474 | INFO     | pint.solar_system_ephemerides:_load_kernel_link:55 - Set solar system ephemeris to de436 from download
2025-08-29 00:05:05.500 | INFO     | pint.solar_system_ephemerides:_load_kernel_link:55 - Set solar system ephemeris to de436 from download
2025-08-29 00:05:15.529 | INFO     | pint.solar_system_ephemerides:_load_kernel_link:55 - Set solar system ephemeris to de436 from download
2025-08-29 00:05:25.554 | INFO     | pint.solar_system_ephemerides:_load_kernel_link:55 - Set solar system ephemeris to de436 from download
2025-08-29 00:05:25.556 | DEBUG    | pint.toa:compute_posvels:2417 - Adding columns ssb_obs_pos ssb_obs_vel obs_sun_pos obs_jupiter_pos obs_saturn_pos obs_venus_pos obs_uranus_pos obs_neptune_pos obs_earth_pos
2025-08-29 00:05:25.558 | DEBUG    | pint.models.absolute_phase:get_TZR_toa:121 - Done with TZR_toa
2025-08-29 00:05:25.638 | WARNING  | pint.models.troposphere_delay:_validate_altitudes:209 - Invalid altitude calculated for 94 TOAS
2025-08-29 00:05:25.701 | WARNING  | pint.models.troposphere_delay:_validate_altitudes:209 - Invalid altitude calculated for 94 TOAS
2025-08-29 00:05:25.766 | WARNING  | pint.models.troposphere_delay:_validate_altitudes:209 - Invalid altitude calculated for 94 TOAS
2025-08-29 00:05:25.830 | WARNING  | pint.models.troposphere_delay:_validate_altitudes:209 - Invalid altitude calculated for 94 TOAS
2025-08-29 00:05:25.896 | WARNING  | pint.models.troposphere_delay:_validate_altitudes:209 - Invalid altitude calculated for 94 TOAS
2025-08-29 00:05:25.961 | WARNING  | pint.models.troposphere_delay:_validate_altitudes:209 - Invalid altitude calculated for 94 TOAS
WARNING: Could not find pulsar distance for PSR J1944+0907. Setting value to 1 with 20% uncertainty.
2025-08-29 00:05:26.032 | WARNING  | pint.models.troposphere_delay:_validate_altitudes:209 - Invalid altitude calculated for 94 TOAS
/scratch/na00078/conda_envs/QuickCW/lib/python3.9/site-packages/pint/models/model_builder.py:198: UserWarning: Unrecognized parfile line 'EPHVER 5'
  warnings.warn(f"Unrecognized parfile line '{p_line}'", UserWarning)
2025-08-29 00:05:26.080 | DEBUG    | pint.toa:get_TOAs:193 - Using EPHEM = DE436 from the given model
2025-08-29 00:05:26.081 | DEBUG    | pint.toa:get_TOAs:209 - Using CLOCK = BIPM2015 from the given model
2025-08-29 00:05:26.155 | DEBUG    | pint.toa:__init__:1358 - No pulse number flags found in the TOAs
2025-08-29 00:05:26.156 | DEBUG    | pint.toa:apply_clock_corrections:2200 - Applying clock corrections (include_gps = True, include_bipm = True)
2025-08-29 00:05:26.168 | INFO     | pint.observatory:gps_correction:210 - Applying GPS to UTC clock correction (~few nanoseconds)
2025-08-29 00:05:26.169 | INFO     | pint.observatory:bipm_correction:217 - Applying TT(TAI) to TT(BIPM2015) clock correction (~27 us)
2025-08-29 00:05:26.170 | INFO     | pint.observatory.topo_obs:clock_corrections:365 - Observatory axis requires no clock corrections.
2025-08-29 00:05:26.257 | DEBUG    | pint.toa:compute_TDBs:2251 - Computing TDB columns.
2025-08-29 00:05:26.257 | DEBUG    | pint.toa:compute_TDBs:2272 - Using EPHEM = DE436 for TDB calculation.
2025-08-29 00:05:26.288 | DEBUG    | pint.toa:get_TOAs:312 - Planet PosVels will be calculated.
2025-08-29 00:05:26.288 | DEBUG    | pint.toa:compute_posvels:2345 - Computing PosVels of observatories, Earth and planets, using DE436
2025-08-29 00:05:36.318 | INFO     | pint.solar_system_ephemerides:_load_kernel_link:55 - Set solar system ephemeris to de436 from download
2025-08-29 00:05:36.374 | DEBUG    | pint.toa:compute_posvels:2403 - SSB obs pos [-1.47845387e+11  1.20878399e+10  5.23588455e+09] m
2025-08-29 00:05:46.401 | INFO     | pint.solar_system_ephemerides:_load_kernel_link:55 - Set solar system ephemeris to de436 from download
2025-08-29 00:05:56.429 | INFO     | pint.solar_system_ephemerides:_load_kernel_link:55 - Set solar system ephemeris to de436 from download
2025-08-29 00:06:06.469 | INFO     | pint.solar_system_ephemerides:_load_kernel_link:55 - Set solar system ephemeris to de436 from download
2025-08-29 00:06:16.497 | INFO     | pint.solar_system_ephemerides:_load_kernel_link:55 - Set solar system ephemeris to de436 from download
2025-08-29 00:06:26.529 | INFO     | pint.solar_system_ephemerides:_load_kernel_link:55 - Set solar system ephemeris to de436 from download
2025-08-29 00:06:36.557 | INFO     | pint.solar_system_ephemerides:_load_kernel_link:55 - Set solar system ephemeris to de436 from download
2025-08-29 00:06:46.585 | INFO     | pint.solar_system_ephemerides:_load_kernel_link:55 - Set solar system ephemeris to de436 from download
2025-08-29 00:06:46.590 | DEBUG    | pint.toa:compute_posvels:2417 - Adding columns ssb_obs_pos ssb_obs_vel obs_sun_pos obs_jupiter_pos obs_saturn_pos obs_venus_pos obs_uranus_pos obs_neptune_pos obs_earth_pos
2025-08-29 00:06:46.644 | WARNING  | pint.models.troposphere_delay:_validate_altitudes:209 - Invalid altitude calculated for 84 TOAS
2025-08-29 00:06:46.712 | WARNING  | pint.models.troposphere_delay:_validate_altitudes:209 - Invalid altitude calculated for 84 TOAS
2025-08-29 00:06:46.728 | DEBUG    | pint.models.absolute_phase:get_TZR_toa:98 - Creating and dealing with the single TZR_toa for absolute phase
2025-08-29 00:06:46.730 | DEBUG    | pint.toa:__init__:1358 - No pulse number flags found in the TOAs
2025-08-29 00:06:46.731 | DEBUG    | pint.toa:apply_clock_corrections:2200 - Applying clock corrections (include_gps = True, include_bipm = True)
2025-08-29 00:06:46.731 | INFO     | pint.observatory:gps_correction:210 - Applying GPS to UTC clock correction (~few nanoseconds)
2025-08-29 00:06:46.732 | INFO     | pint.observatory:bipm_correction:217 - Applying TT(TAI) to TT(BIPM2021) clock correction (~27 us)
2025-08-29 00:06:46.733 | INFO     | pint.observatory.topo_obs:clock_corrections:365 - Observatory axis requires no clock corrections.
2025-08-29 00:06:46.733 | DEBUG    | pint.toa:compute_TDBs:2251 - Computing TDB columns.
2025-08-29 00:06:46.734 | DEBUG    | pint.toa:compute_TDBs:2272 - Using EPHEM = DE436 for TDB calculation.
2025-08-29 00:06:46.736 | DEBUG    | pint.toa:compute_posvels:2345 - Computing PosVels of observatories, Earth and planets, using DE436
2025-08-29 00:06:56.779 | INFO     | pint.solar_system_ephemerides:_load_kernel_link:55 - Set solar system ephemeris to de436 from download
2025-08-29 00:06:56.788 | DEBUG    | pint.toa:compute_posvels:2403 - SSB obs pos [-1.48727622e+11 -2.35330008e+09 -1.03421411e+09] m
2025-08-29 00:07:06.813 | INFO     | pint.solar_system_ephemerides:_load_kernel_link:55 - Set solar system ephemeris to de436 from download
2025-08-29 00:07:16.842 | INFO     | pint.solar_system_ephemerides:_load_kernel_link:55 - Set solar system ephemeris to de436 from download
2025-08-29 00:07:26.870 | INFO     | pint.solar_system_ephemerides:_load_kernel_link:55 - Set solar system ephemeris to de436 from download
2025-08-29 00:07:36.898 | INFO     | pint.solar_system_ephemerides:_load_kernel_link:55 - Set solar system ephemeris to de436 from download
2025-08-29 00:07:46.927 | INFO     | pint.solar_system_ephemerides:_load_kernel_link:55 - Set solar system ephemeris to de436 from download
2025-08-29 00:07:56.956 | INFO     | pint.solar_system_ephemerides:_load_kernel_link:55 - Set solar system ephemeris to de436 from download
2025-08-29 00:08:06.997 | INFO     | pint.solar_system_ephemerides:_load_kernel_link:55 - Set solar system ephemeris to de436 from download
2025-08-29 00:08:07.001 | DEBUG    | pint.toa:compute_posvels:2417 - Adding columns ssb_obs_pos ssb_obs_vel obs_sun_pos obs_jupiter_pos obs_saturn_pos obs_venus_pos obs_uranus_pos obs_neptune_pos obs_earth_pos
2025-08-29 00:08:07.003 | DEBUG    | pint.models.absolute_phase:get_TZR_toa:121 - Done with TZR_toa
2025-08-29 00:08:07.086 | WARNING  | pint.models.troposphere_delay:_validate_altitudes:209 - Invalid altitude calculated for 84 TOAS
2025-08-29 00:08:07.151 | WARNING  | pint.models.troposphere_delay:_validate_altitudes:209 - Invalid altitude calculated for 84 TOAS
2025-08-29 00:08:07.219 | WARNING  | pint.models.troposphere_delay:_validate_altitudes:209 - Invalid altitude calculated for 84 TOAS
2025-08-29 00:08:07.287 | WARNING  | pint.models.troposphere_delay:_validate_altitudes:209 - Invalid altitude calculated for 84 TOAS
2025-08-29 00:08:07.355 | WARNING  | pint.models.troposphere_delay:_validate_altitudes:209 - Invalid altitude calculated for 84 TOAS
2025-08-29 00:08:07.423 | WARNING  | pint.models.troposphere_delay:_validate_altitudes:209 - Invalid altitude calculated for 84 TOAS
WARNING: Could not find pulsar distance for PSR J2010-1323. Setting value to 1 with 20% uncertainty.
2025-08-29 00:08:07.496 | WARNING  | pint.models.troposphere_delay:_validate_altitudes:209 - Invalid altitude calculated for 84 TOAS
/scratch/na00078/conda_envs/QuickCW/lib/python3.9/site-packages/pint/models/model_builder.py:198: UserWarning: Unrecognized parfile line 'EPHVER 5'
  warnings.warn(f"Unrecognized parfile line '{p_line}'", UserWarning)
2025-08-29 00:08:07.545 | DEBUG    | pint.toa:get_TOAs:193 - Using EPHEM = DE436 from the given model
2025-08-29 00:08:07.545 | DEBUG    | pint.toa:get_TOAs:209 - Using CLOCK = BIPM2015 from the given model
2025-08-29 00:08:07.629 | DEBUG    | pint.toa:__init__:1358 - No pulse number flags found in the TOAs
2025-08-29 00:08:07.630 | DEBUG    | pint.toa:apply_clock_corrections:2200 - Applying clock corrections (include_gps = True, include_bipm = True)
2025-08-29 00:08:07.642 | INFO     | pint.observatory:gps_correction:210 - Applying GPS to UTC clock correction (~few nanoseconds)
2025-08-29 00:08:07.643 | INFO     | pint.observatory:bipm_correction:217 - Applying TT(TAI) to TT(BIPM2015) clock correction (~27 us)
2025-08-29 00:08:07.644 | INFO     | pint.observatory.topo_obs:clock_corrections:365 - Observatory axis requires no clock corrections.
2025-08-29 00:08:07.732 | DEBUG    | pint.toa:compute_TDBs:2251 - Computing TDB columns.
2025-08-29 00:08:07.732 | DEBUG    | pint.toa:compute_TDBs:2272 - Using EPHEM = DE436 for TDB calculation.
2025-08-29 00:08:07.764 | DEBUG    | pint.toa:get_TOAs:312 - Planet PosVels will be calculated.
2025-08-29 00:08:07.764 | DEBUG    | pint.toa:compute_posvels:2345 - Computing PosVels of observatories, Earth and planets, using DE436
2025-08-29 00:08:17.794 | INFO     | pint.solar_system_ephemerides:_load_kernel_link:55 - Set solar system ephemeris to de436 from download
2025-08-29 00:08:17.851 | DEBUG    | pint.toa:compute_posvels:2403 - SSB obs pos [-1.47891670e+11  1.17407351e+10  5.08562983e+09] m
2025-08-29 00:08:27.874 | INFO     | pint.solar_system_ephemerides:_load_kernel_link:55 - Set solar system ephemeris to de436 from download
2025-08-29 00:08:37.902 | INFO     | pint.solar_system_ephemerides:_load_kernel_link:55 - Set solar system ephemeris to de436 from download
2025-08-29 00:08:47.929 | INFO     | pint.solar_system_ephemerides:_load_kernel_link:55 - Set solar system ephemeris to de436 from download
2025-08-29 00:08:57.957 | INFO     | pint.solar_system_ephemerides:_load_kernel_link:55 - Set solar system ephemeris to de436 from download
2025-08-29 00:09:07.995 | INFO     | pint.solar_system_ephemerides:_load_kernel_link:55 - Set solar system ephemeris to de436 from download
2025-08-29 00:09:18.021 | INFO     | pint.solar_system_ephemerides:_load_kernel_link:55 - Set solar system ephemeris to de436 from download
2025-08-29 00:09:28.046 | INFO     | pint.solar_system_ephemerides:_load_kernel_link:55 - Set solar system ephemeris to de436 from download
2025-08-29 00:09:28.050 | DEBUG    | pint.toa:compute_posvels:2417 - Adding columns ssb_obs_pos ssb_obs_vel obs_sun_pos obs_jupiter_pos obs_saturn_pos obs_venus_pos obs_uranus_pos obs_neptune_pos obs_earth_pos
2025-08-29 00:09:28.104 | WARNING  | pint.models.troposphere_delay:_validate_altitudes:209 - Invalid altitude calculated for 93 TOAS
2025-08-29 00:09:28.167 | WARNING  | pint.models.troposphere_delay:_validate_altitudes:209 - Invalid altitude calculated for 93 TOAS
2025-08-29 00:09:28.182 | DEBUG    | pint.models.absolute_phase:get_TZR_toa:98 - Creating and dealing with the single TZR_toa for absolute phase
2025-08-29 00:09:28.184 | DEBUG    | pint.toa:__init__:1358 - No pulse number flags found in the TOAs
2025-08-29 00:09:28.184 | DEBUG    | pint.toa:apply_clock_corrections:2200 - Applying clock corrections (include_gps = True, include_bipm = True)
2025-08-29 00:09:28.185 | INFO     | pint.observatory:gps_correction:210 - Applying GPS to UTC clock correction (~few nanoseconds)
2025-08-29 00:09:28.186 | INFO     | pint.observatory:bipm_correction:217 - Applying TT(TAI) to TT(BIPM2021) clock correction (~27 us)
2025-08-29 00:09:28.186 | INFO     | pint.observatory.topo_obs:clock_corrections:365 - Observatory axis requires no clock corrections.
2025-08-29 00:09:28.187 | DEBUG    | pint.toa:compute_TDBs:2251 - Computing TDB columns.
2025-08-29 00:09:28.187 | DEBUG    | pint.toa:compute_TDBs:2272 - Using EPHEM = DE436 for TDB calculation.
2025-08-29 00:09:28.190 | DEBUG    | pint.toa:compute_posvels:2345 - Computing PosVels of observatories, Earth and planets, using DE436
2025-08-29 00:09:38.215 | INFO     | pint.solar_system_ephemerides:_load_kernel_link:55 - Set solar system ephemeris to de436 from download
2025-08-29 00:09:38.226 | DEBUG    | pint.toa:compute_posvels:2403 - SSB obs pos [-1.40102784e+11  4.28098820e+10  1.85449770e+10] m
2025-08-29 00:09:48.261 | INFO     | pint.solar_system_ephemerides:_load_kernel_link:55 - Set solar system ephemeris to de436 from download
2025-08-29 00:09:58.289 | INFO     | pint.solar_system_ephemerides:_load_kernel_link:55 - Set solar system ephemeris to de436 from download
2025-08-29 00:10:08.327 | INFO     | pint.solar_system_ephemerides:_load_kernel_link:55 - Set solar system ephemeris to de436 from download
2025-08-29 00:10:18.367 | INFO     | pint.solar_system_ephemerides:_load_kernel_link:55 - Set solar system ephemeris to de436 from download
2025-08-29 00:10:28.395 | INFO     | pint.solar_system_ephemerides:_load_kernel_link:55 - Set solar system ephemeris to de436 from download
2025-08-29 00:10:38.422 | INFO     | pint.solar_system_ephemerides:_load_kernel_link:55 - Set solar system ephemeris to de436 from download
2025-08-29 00:10:48.462 | INFO     | pint.solar_system_ephemerides:_load_kernel_link:55 - Set solar system ephemeris to de436 from download
2025-08-29 00:10:48.465 | DEBUG    | pint.toa:compute_posvels:2417 - Adding columns ssb_obs_pos ssb_obs_vel obs_sun_pos obs_jupiter_pos obs_saturn_pos obs_venus_pos obs_uranus_pos obs_neptune_pos obs_earth_pos
2025-08-29 00:10:48.467 | DEBUG    | pint.models.absolute_phase:get_TZR_toa:121 - Done with TZR_toa
2025-08-29 00:10:48.551 | WARNING  | pint.models.troposphere_delay:_validate_altitudes:209 - Invalid altitude calculated for 93 TOAS
2025-08-29 00:10:48.617 | WARNING  | pint.models.troposphere_delay:_validate_altitudes:209 - Invalid altitude calculated for 93 TOAS
2025-08-29 00:10:48.685 | WARNING  | pint.models.troposphere_delay:_validate_altitudes:209 - Invalid altitude calculated for 93 TOAS
2025-08-29 00:10:48.753 | WARNING  | pint.models.troposphere_delay:_validate_altitudes:209 - Invalid altitude calculated for 93 TOAS
2025-08-29 00:10:48.821 | WARNING  | pint.models.troposphere_delay:_validate_altitudes:209 - Invalid altitude calculated for 93 TOAS
2025-08-29 00:10:48.887 | WARNING  | pint.models.troposphere_delay:_validate_altitudes:209 - Invalid altitude calculated for 93 TOAS
2025-08-29 00:10:48.959 | WARNING  | pint.models.troposphere_delay:_validate_altitudes:209 - Invalid altitude calculated for 93 TOAS
/scratch/na00078/conda_envs/QuickCW/lib/python3.9/site-packages/pint/models/model_builder.py:198: UserWarning: Unrecognized parfile line 'EPHVER 5'
  warnings.warn(f"Unrecognized parfile line '{p_line}'", UserWarning)
2025-08-29 00:10:49.011 | DEBUG    | pint.toa:get_TOAs:193 - Using EPHEM = DE436 from the given model
2025-08-29 00:10:49.011 | DEBUG    | pint.toa:get_TOAs:209 - Using CLOCK = BIPM2015 from the given model
2025-08-29 00:10:49.088 | DEBUG    | pint.toa:__init__:1358 - No pulse number flags found in the TOAs
2025-08-29 00:10:49.089 | DEBUG    | pint.toa:apply_clock_corrections:2200 - Applying clock corrections (include_gps = True, include_bipm = True)
2025-08-29 00:10:49.102 | INFO     | pint.observatory:gps_correction:210 - Applying GPS to UTC clock correction (~few nanoseconds)
2025-08-29 00:10:49.103 | INFO     | pint.observatory:bipm_correction:217 - Applying TT(TAI) to TT(BIPM2015) clock correction (~27 us)
2025-08-29 00:10:49.103 | INFO     | pint.observatory.topo_obs:clock_corrections:365 - Observatory axis requires no clock corrections.
2025-08-29 00:10:49.191 | DEBUG    | pint.toa:compute_TDBs:2251 - Computing TDB columns.
2025-08-29 00:10:49.191 | DEBUG    | pint.toa:compute_TDBs:2272 - Using EPHEM = DE436 for TDB calculation.
2025-08-29 00:10:49.222 | DEBUG    | pint.toa:get_TOAs:312 - Planet PosVels will be calculated.
2025-08-29 00:10:49.222 | DEBUG    | pint.toa:compute_posvels:2345 - Computing PosVels of observatories, Earth and planets, using DE436
2025-08-29 00:10:59.254 | INFO     | pint.solar_system_ephemerides:_load_kernel_link:55 - Set solar system ephemeris to de436 from download
2025-08-29 00:10:59.306 | DEBUG    | pint.toa:compute_posvels:2403 - SSB obs pos [-1.47959106e+11  1.11567628e+10  4.83617126e+09] m
2025-08-29 00:11:09.361 | INFO     | pint.solar_system_ephemerides:_load_kernel_link:55 - Set solar system ephemeris to de436 from download
2025-08-29 00:11:19.388 | INFO     | pint.solar_system_ephemerides:_load_kernel_link:55 - Set solar system ephemeris to de436 from download
2025-08-29 00:11:29.420 | INFO     | pint.solar_system_ephemerides:_load_kernel_link:55 - Set solar system ephemeris to de436 from download
2025-08-29 00:11:39.446 | INFO     | pint.solar_system_ephemerides:_load_kernel_link:55 - Set solar system ephemeris to de436 from download
2025-08-29 00:11:49.472 | INFO     | pint.solar_system_ephemerides:_load_kernel_link:55 - Set solar system ephemeris to de436 from download
2025-08-29 00:11:59.500 | INFO     | pint.solar_system_ephemerides:_load_kernel_link:55 - Set solar system ephemeris to de436 from download
2025-08-29 00:12:09.528 | INFO     | pint.solar_system_ephemerides:_load_kernel_link:55 - Set solar system ephemeris to de436 from download
2025-08-29 00:12:09.533 | DEBUG    | pint.toa:compute_posvels:2417 - Adding columns ssb_obs_pos ssb_obs_vel obs_sun_pos obs_jupiter_pos obs_saturn_pos obs_venus_pos obs_uranus_pos obs_neptune_pos obs_earth_pos
2025-08-29 00:12:09.586 | WARNING  | pint.models.troposphere_delay:_validate_altitudes:209 - Invalid altitude calculated for 80 TOAS
2025-08-29 00:12:09.652 | WARNING  | pint.models.troposphere_delay:_validate_altitudes:209 - Invalid altitude calculated for 80 TOAS
2025-08-29 00:12:09.682 | DEBUG    | pint.models.absolute_phase:get_TZR_toa:98 - Creating and dealing with the single TZR_toa for absolute phase
2025-08-29 00:12:09.685 | DEBUG    | pint.toa:__init__:1358 - No pulse number flags found in the TOAs
2025-08-29 00:12:09.685 | DEBUG    | pint.toa:apply_clock_corrections:2200 - Applying clock corrections (include_gps = True, include_bipm = True)
2025-08-29 00:12:09.686 | INFO     | pint.observatory:gps_correction:210 - Applying GPS to UTC clock correction (~few nanoseconds)
2025-08-29 00:12:09.687 | INFO     | pint.observatory:bipm_correction:217 - Applying TT(TAI) to TT(BIPM2021) clock correction (~27 us)
2025-08-29 00:12:09.687 | INFO     | pint.observatory.topo_obs:clock_corrections:365 - Observatory axis requires no clock corrections.
2025-08-29 00:12:09.689 | DEBUG    | pint.toa:compute_TDBs:2251 - Computing TDB columns.
2025-08-29 00:12:09.689 | DEBUG    | pint.toa:compute_TDBs:2272 - Using EPHEM = DE436 for TDB calculation.
2025-08-29 00:12:09.692 | DEBUG    | pint.toa:compute_posvels:2345 - Computing PosVels of observatories, Earth and planets, using DE436
2025-08-29 00:12:19.714 | INFO     | pint.solar_system_ephemerides:_load_kernel_link:55 - Set solar system ephemeris to de436 from download
2025-08-29 00:12:19.724 | DEBUG    | pint.toa:compute_posvels:2403 - SSB obs pos [9.54144133e+10 1.04586002e+11 4.53254490e+10] m
2025-08-29 00:12:29.780 | INFO     | pint.solar_system_ephemerides:_load_kernel_link:55 - Set solar system ephemeris to de436 from download
2025-08-29 00:12:39.812 | INFO     | pint.solar_system_ephemerides:_load_kernel_link:55 - Set solar system ephemeris to de436 from download
2025-08-29 00:12:49.839 | INFO     | pint.solar_system_ephemerides:_load_kernel_link:55 - Set solar system ephemeris to de436 from download
2025-08-29 00:12:59.866 | INFO     | pint.solar_system_ephemerides:_load_kernel_link:55 - Set solar system ephemeris to de436 from download
2025-08-29 00:13:09.893 | INFO     | pint.solar_system_ephemerides:_load_kernel_link:55 - Set solar system ephemeris to de436 from download
2025-08-29 00:13:19.919 | INFO     | pint.solar_system_ephemerides:_load_kernel_link:55 - Set solar system ephemeris to de436 from download
2025-08-29 00:13:29.947 | INFO     | pint.solar_system_ephemerides:_load_kernel_link:55 - Set solar system ephemeris to de436 from download
2025-08-29 00:13:29.950 | DEBUG    | pint.toa:compute_posvels:2417 - Adding columns ssb_obs_pos ssb_obs_vel obs_sun_pos obs_jupiter_pos obs_saturn_pos obs_venus_pos obs_uranus_pos obs_neptune_pos obs_earth_pos
2025-08-29 00:13:29.952 | DEBUG    | pint.models.absolute_phase:get_TZR_toa:121 - Done with TZR_toa
2025-08-29 00:13:30.047 | WARNING  | pint.models.troposphere_delay:_validate_altitudes:209 - Invalid altitude calculated for 80 TOAS
2025-08-29 00:13:30.125 | WARNING  | pint.models.troposphere_delay:_validate_altitudes:209 - Invalid altitude calculated for 80 TOAS
2025-08-29 00:13:30.205 | WARNING  | pint.models.troposphere_delay:_validate_altitudes:209 - Invalid altitude calculated for 80 TOAS
2025-08-29 00:13:30.285 | WARNING  | pint.models.troposphere_delay:_validate_altitudes:209 - Invalid altitude calculated for 80 TOAS
2025-08-29 00:13:30.365 | WARNING  | pint.models.troposphere_delay:_validate_altitudes:209 - Invalid altitude calculated for 80 TOAS
2025-08-29 00:13:30.447 | WARNING  | pint.models.troposphere_delay:_validate_altitudes:209 - Invalid altitude calculated for 80 TOAS
2025-08-29 00:13:30.589 | WARNING  | pint.models.troposphere_delay:_validate_altitudes:209 - Invalid altitude calculated for 80 TOAS
2025-08-29 00:13:30.726 | WARNING  | pint.models.troposphere_delay:_validate_altitudes:209 - Invalid altitude calculated for 80 TOAS
2025-08-29 00:13:30.841 | WARNING  | pint.models.troposphere_delay:_validate_altitudes:209 - Invalid altitude calculated for 80 TOAS
2025-08-29 00:13:30.972 | WARNING  | pint.models.troposphere_delay:_validate_altitudes:209 - Invalid altitude calculated for 80 TOAS
2025-08-29 00:13:31.115 | WARNING  | pint.models.troposphere_delay:_validate_altitudes:209 - Invalid altitude calculated for 80 TOAS
2025-08-29 00:13:31.239 | WARNING  | pint.models.troposphere_delay:_validate_altitudes:209 - Invalid altitude calculated for 80 TOAS
/scratch/na00078/conda_envs/QuickCW/lib/python3.9/site-packages/pint/models/model_builder.py:198: UserWarning: Unrecognized parfile line 'EPHVER 5'
  warnings.warn(f"Unrecognized parfile line '{p_line}'", UserWarning)
2025-08-29 00:13:31.293 | DEBUG    | pint.toa:get_TOAs:193 - Using EPHEM = DE436 from the given model
2025-08-29 00:13:31.293 | DEBUG    | pint.toa:get_TOAs:209 - Using CLOCK = BIPM2015 from the given model
2025-08-29 00:13:31.365 | DEBUG    | pint.toa:__init__:1358 - No pulse number flags found in the TOAs
2025-08-29 00:13:31.366 | DEBUG    | pint.toa:apply_clock_corrections:2200 - Applying clock corrections (include_gps = True, include_bipm = True)
2025-08-29 00:13:31.378 | INFO     | pint.observatory:gps_correction:210 - Applying GPS to UTC clock correction (~few nanoseconds)
2025-08-29 00:13:31.379 | INFO     | pint.observatory:bipm_correction:217 - Applying TT(TAI) to TT(BIPM2015) clock correction (~27 us)
2025-08-29 00:13:31.380 | INFO     | pint.observatory.topo_obs:clock_corrections:365 - Observatory axis requires no clock corrections.
2025-08-29 00:13:31.469 | DEBUG    | pint.toa:compute_TDBs:2251 - Computing TDB columns.
2025-08-29 00:13:31.469 | DEBUG    | pint.toa:compute_TDBs:2272 - Using EPHEM = DE436 for TDB calculation.
2025-08-29 00:13:31.499 | DEBUG    | pint.toa:get_TOAs:312 - Planet PosVels will be calculated.
2025-08-29 00:13:31.499 | DEBUG    | pint.toa:compute_posvels:2345 - Computing PosVels of observatories, Earth and planets, using DE436
2025-08-29 00:13:41.530 | INFO     | pint.solar_system_ephemerides:_load_kernel_link:55 - Set solar system ephemeris to de436 from download
2025-08-29 00:13:41.583 | DEBUG    | pint.toa:compute_posvels:2403 - SSB obs pos [-1.48023081e+11  1.04733388e+10  4.54045814e+09] m
2025-08-29 00:13:51.608 | INFO     | pint.solar_system_ephemerides:_load_kernel_link:55 - Set solar system ephemeris to de436 from download
2025-08-29 00:14:01.638 | INFO     | pint.solar_system_ephemerides:_load_kernel_link:55 - Set solar system ephemeris to de436 from download
2025-08-29 00:14:11.665 | INFO     | pint.solar_system_ephemerides:_load_kernel_link:55 - Set solar system ephemeris to de436 from download
2025-08-29 00:14:21.693 | INFO     | pint.solar_system_ephemerides:_load_kernel_link:55 - Set solar system ephemeris to de436 from download
2025-08-29 00:14:31.714 | INFO     | pint.solar_system_ephemerides:_load_kernel_link:55 - Set solar system ephemeris to de436 from download
2025-08-29 00:14:41.742 | INFO     | pint.solar_system_ephemerides:_load_kernel_link:55 - Set solar system ephemeris to de436 from download
2025-08-29 00:14:51.781 | INFO     | pint.solar_system_ephemerides:_load_kernel_link:55 - Set solar system ephemeris to de436 from download
2025-08-29 00:14:51.783 | DEBUG    | pint.toa:compute_posvels:2417 - Adding columns ssb_obs_pos ssb_obs_vel obs_sun_pos obs_jupiter_pos obs_saturn_pos obs_venus_pos obs_uranus_pos obs_neptune_pos obs_earth_pos
2025-08-29 00:14:51.835 | WARNING  | pint.models.troposphere_delay:_validate_altitudes:209 - Invalid altitude calculated for 90 TOAS
2025-08-29 00:14:51.899 | WARNING  | pint.models.troposphere_delay:_validate_altitudes:209 - Invalid altitude calculated for 90 TOAS
2025-08-29 00:14:51.927 | DEBUG    | pint.models.absolute_phase:get_TZR_toa:98 - Creating and dealing with the single TZR_toa for absolute phase
2025-08-29 00:14:51.930 | DEBUG    | pint.toa:__init__:1358 - No pulse number flags found in the TOAs
2025-08-29 00:14:51.930 | DEBUG    | pint.toa:apply_clock_corrections:2200 - Applying clock corrections (include_gps = True, include_bipm = True)
2025-08-29 00:14:51.931 | INFO     | pint.observatory:gps_correction:210 - Applying GPS to UTC clock correction (~few nanoseconds)
2025-08-29 00:14:51.931 | INFO     | pint.observatory:bipm_correction:217 - Applying TT(TAI) to TT(BIPM2021) clock correction (~27 us)
2025-08-29 00:14:51.932 | INFO     | pint.observatory.topo_obs:clock_corrections:365 - Observatory axis requires no clock corrections.
2025-08-29 00:14:51.933 | DEBUG    | pint.toa:compute_TDBs:2251 - Computing TDB columns.
2025-08-29 00:14:51.933 | DEBUG    | pint.toa:compute_TDBs:2272 - Using EPHEM = DE436 for TDB calculation.
2025-08-29 00:14:51.936 | DEBUG    | pint.toa:compute_posvels:2345 - Computing PosVels of observatories, Earth and planets, using DE436
2025-08-29 00:15:01.964 | INFO     | pint.solar_system_ephemerides:_load_kernel_link:55 - Set solar system ephemeris to de436 from download
2025-08-29 00:15:01.974 | DEBUG    | pint.toa:compute_posvels:2403 - SSB obs pos [1.13897631e+11 8.82862086e+10 3.82588598e+10] m
2025-08-29 00:15:11.999 | INFO     | pint.solar_system_ephemerides:_load_kernel_link:55 - Set solar system ephemeris to de436 from download
2025-08-29 00:15:22.018 | INFO     | pint.solar_system_ephemerides:_load_kernel_link:55 - Set solar system ephemeris to de436 from download
2025-08-29 00:15:32.045 | INFO     | pint.solar_system_ephemerides:_load_kernel_link:55 - Set solar system ephemeris to de436 from download
2025-08-29 00:15:42.070 | INFO     | pint.solar_system_ephemerides:_load_kernel_link:55 - Set solar system ephemeris to de436 from download
2025-08-29 00:15:52.099 | INFO     | pint.solar_system_ephemerides:_load_kernel_link:55 - Set solar system ephemeris to de436 from download
2025-08-29 00:16:02.136 | INFO     | pint.solar_system_ephemerides:_load_kernel_link:55 - Set solar system ephemeris to de436 from download
2025-08-29 00:16:12.164 | INFO     | pint.solar_system_ephemerides:_load_kernel_link:55 - Set solar system ephemeris to de436 from download
2025-08-29 00:16:12.167 | DEBUG    | pint.toa:compute_posvels:2417 - Adding columns ssb_obs_pos ssb_obs_vel obs_sun_pos obs_jupiter_pos obs_saturn_pos obs_venus_pos obs_uranus_pos obs_neptune_pos obs_earth_pos
2025-08-29 00:16:12.171 | DEBUG    | pint.models.absolute_phase:get_TZR_toa:121 - Done with TZR_toa
2025-08-29 00:16:12.267 | WARNING  | pint.models.troposphere_delay:_validate_altitudes:209 - Invalid altitude calculated for 90 TOAS
2025-08-29 00:16:12.346 | WARNING  | pint.models.troposphere_delay:_validate_altitudes:209 - Invalid altitude calculated for 90 TOAS
2025-08-29 00:16:12.427 | WARNING  | pint.models.troposphere_delay:_validate_altitudes:209 - Invalid altitude calculated for 90 TOAS
2025-08-29 00:16:12.506 | WARNING  | pint.models.troposphere_delay:_validate_altitudes:209 - Invalid altitude calculated for 90 TOAS
2025-08-29 00:16:12.587 | WARNING  | pint.models.troposphere_delay:_validate_altitudes:209 - Invalid altitude calculated for 90 TOAS
2025-08-29 00:16:12.668 | WARNING  | pint.models.troposphere_delay:_validate_altitudes:209 - Invalid altitude calculated for 90 TOAS
2025-08-29 00:16:12.749 | WARNING  | pint.models.troposphere_delay:_validate_altitudes:209 - Invalid altitude calculated for 90 TOAS
2025-08-29 00:16:12.871 | WARNING  | pint.models.troposphere_delay:_validate_altitudes:209 - Invalid altitude calculated for 90 TOAS
2025-08-29 00:16:12.993 | WARNING  | pint.models.troposphere_delay:_validate_altitudes:209 - Invalid altitude calculated for 90 TOAS
2025-08-29 00:16:13.110 | WARNING  | pint.models.troposphere_delay:_validate_altitudes:209 - Invalid altitude calculated for 90 TOAS
2025-08-29 00:16:13.226 | WARNING  | pint.models.troposphere_delay:_validate_altitudes:209 - Invalid altitude calculated for 90 TOAS
2025-08-29 00:16:13.341 | WARNING  | pint.models.troposphere_delay:_validate_altitudes:209 - Invalid altitude calculated for 90 TOAS
2025-08-29 00:16:13.459 | WARNING  | pint.models.troposphere_delay:_validate_altitudes:209 - Invalid altitude calculated for 90 TOAS
2025-08-29 00:16:13.579 | WARNING  | pint.models.troposphere_delay:_validate_altitudes:209 - Invalid altitude calculated for 90 TOAS
/scratch/na00078/conda_envs/QuickCW/lib/python3.9/site-packages/pint/models/model_builder.py:198: UserWarning: Unrecognized parfile line 'EPHVER 5'
  warnings.warn(f"Unrecognized parfile line '{p_line}'", UserWarning)
2025-08-29 00:16:13.632 | DEBUG    | pint.toa:get_TOAs:193 - Using EPHEM = DE436 from the given model
2025-08-29 00:16:13.632 | DEBUG    | pint.toa:get_TOAs:209 - Using CLOCK = BIPM2015 from the given model
2025-08-29 00:16:13.705 | DEBUG    | pint.toa:__init__:1358 - No pulse number flags found in the TOAs
2025-08-29 00:16:13.706 | DEBUG    | pint.toa:apply_clock_corrections:2200 - Applying clock corrections (include_gps = True, include_bipm = True)
2025-08-29 00:16:13.719 | INFO     | pint.observatory:gps_correction:210 - Applying GPS to UTC clock correction (~few nanoseconds)
2025-08-29 00:16:13.719 | INFO     | pint.observatory:bipm_correction:217 - Applying TT(TAI) to TT(BIPM2015) clock correction (~27 us)
2025-08-29 00:16:13.720 | INFO     | pint.observatory.topo_obs:clock_corrections:365 - Observatory axis requires no clock corrections.
2025-08-29 00:16:13.807 | DEBUG    | pint.toa:compute_TDBs:2251 - Computing TDB columns.
2025-08-29 00:16:13.807 | DEBUG    | pint.toa:compute_TDBs:2272 - Using EPHEM = DE436 for TDB calculation.
2025-08-29 00:16:13.838 | DEBUG    | pint.toa:get_TOAs:312 - Planet PosVels will be calculated.
2025-08-29 00:16:13.839 | DEBUG    | pint.toa:compute_posvels:2345 - Computing PosVels of observatories, Earth and planets, using DE436
2025-08-29 00:16:23.869 | INFO     | pint.solar_system_ephemerides:_load_kernel_link:55 - Set solar system ephemeris to de436 from download
2025-08-29 00:16:23.925 | DEBUG    | pint.toa:compute_posvels:2403 - SSB obs pos [-1.47795808e+11  1.24627688e+10  5.40050069e+09] m
2025-08-29 00:16:33.951 | INFO     | pint.solar_system_ephemerides:_load_kernel_link:55 - Set solar system ephemeris to de436 from download
2025-08-29 00:16:43.979 | INFO     | pint.solar_system_ephemerides:_load_kernel_link:55 - Set solar system ephemeris to de436 from download
2025-08-29 00:16:54.004 | INFO     | pint.solar_system_ephemerides:_load_kernel_link:55 - Set solar system ephemeris to de436 from download
2025-08-29 00:17:04.030 | INFO     | pint.solar_system_ephemerides:_load_kernel_link:55 - Set solar system ephemeris to de436 from download
2025-08-29 00:17:14.058 | INFO     | pint.solar_system_ephemerides:_load_kernel_link:55 - Set solar system ephemeris to de436 from download
2025-08-29 00:17:24.083 | INFO     | pint.solar_system_ephemerides:_load_kernel_link:55 - Set solar system ephemeris to de436 from download
2025-08-29 00:17:34.110 | INFO     | pint.solar_system_ephemerides:_load_kernel_link:55 - Set solar system ephemeris to de436 from download
2025-08-29 00:17:34.114 | DEBUG    | pint.toa:compute_posvels:2417 - Adding columns ssb_obs_pos ssb_obs_vel obs_sun_pos obs_jupiter_pos obs_saturn_pos obs_venus_pos obs_uranus_pos obs_neptune_pos obs_earth_pos
2025-08-29 00:17:34.168 | WARNING  | pint.models.troposphere_delay:_validate_altitudes:209 - Invalid altitude calculated for 93 TOAS
2025-08-29 00:17:34.232 | WARNING  | pint.models.troposphere_delay:_validate_altitudes:209 - Invalid altitude calculated for 93 TOAS
2025-08-29 00:17:34.261 | DEBUG    | pint.models.absolute_phase:get_TZR_toa:98 - Creating and dealing with the single TZR_toa for absolute phase
2025-08-29 00:17:34.263 | DEBUG    | pint.toa:__init__:1358 - No pulse number flags found in the TOAs
2025-08-29 00:17:34.263 | DEBUG    | pint.toa:apply_clock_corrections:2200 - Applying clock corrections (include_gps = True, include_bipm = True)
2025-08-29 00:17:34.264 | INFO     | pint.observatory:gps_correction:210 - Applying GPS to UTC clock correction (~few nanoseconds)
2025-08-29 00:17:34.265 | INFO     | pint.observatory:bipm_correction:217 - Applying TT(TAI) to TT(BIPM2021) clock correction (~27 us)
2025-08-29 00:17:34.265 | INFO     | pint.observatory.topo_obs:clock_corrections:365 - Observatory axis requires no clock corrections.
2025-08-29 00:17:34.267 | DEBUG    | pint.toa:compute_TDBs:2251 - Computing TDB columns.
2025-08-29 00:17:34.267 | DEBUG    | pint.toa:compute_TDBs:2272 - Using EPHEM = DE436 for TDB calculation.
2025-08-29 00:17:34.269 | DEBUG    | pint.toa:compute_posvels:2345 - Computing PosVels of observatories, Earth and planets, using DE436
2025-08-29 00:17:44.295 | INFO     | pint.solar_system_ephemerides:_load_kernel_link:55 - Set solar system ephemeris to de436 from download
2025-08-29 00:17:44.303 | DEBUG    | pint.toa:compute_posvels:2403 - SSB obs pos [ 1.43907156e+11 -3.92725746e+10 -1.70261914e+10] m
2025-08-29 00:17:54.328 | INFO     | pint.solar_system_ephemerides:_load_kernel_link:55 - Set solar system ephemeris to de436 from download
2025-08-29 00:18:04.356 | INFO     | pint.solar_system_ephemerides:_load_kernel_link:55 - Set solar system ephemeris to de436 from download
2025-08-29 00:18:14.386 | INFO     | pint.solar_system_ephemerides:_load_kernel_link:55 - Set solar system ephemeris to de436 from download
2025-08-29 00:18:24.414 | INFO     | pint.solar_system_ephemerides:_load_kernel_link:55 - Set solar system ephemeris to de436 from download
2025-08-29 00:18:34.442 | INFO     | pint.solar_system_ephemerides:_load_kernel_link:55 - Set solar system ephemeris to de436 from download
2025-08-29 00:18:44.467 | INFO     | pint.solar_system_ephemerides:_load_kernel_link:55 - Set solar system ephemeris to de436 from download
2025-08-29 00:18:54.495 | INFO     | pint.solar_system_ephemerides:_load_kernel_link:55 - Set solar system ephemeris to de436 from download
2025-08-29 00:18:54.498 | DEBUG    | pint.toa:compute_posvels:2417 - Adding columns ssb_obs_pos ssb_obs_vel obs_sun_pos obs_jupiter_pos obs_saturn_pos obs_venus_pos obs_uranus_pos obs_neptune_pos obs_earth_pos
2025-08-29 00:18:54.501 | DEBUG    | pint.models.absolute_phase:get_TZR_toa:121 - Done with TZR_toa
2025-08-29 00:18:54.515 | WARNING  | pint.models.troposphere_delay:_validate_altitudes:209 - Invalid altitude calculated for 1 TOAS
2025-08-29 00:18:54.597 | WARNING  | pint.models.troposphere_delay:_validate_altitudes:209 - Invalid altitude calculated for 93 TOAS
2025-08-29 00:18:54.676 | WARNING  | pint.models.troposphere_delay:_validate_altitudes:209 - Invalid altitude calculated for 93 TOAS
2025-08-29 00:18:54.757 | WARNING  | pint.models.troposphere_delay:_validate_altitudes:209 - Invalid altitude calculated for 93 TOAS
2025-08-29 00:18:54.839 | WARNING  | pint.models.troposphere_delay:_validate_altitudes:209 - Invalid altitude calculated for 93 TOAS
2025-08-29 00:18:54.921 | WARNING  | pint.models.troposphere_delay:_validate_altitudes:209 - Invalid altitude calculated for 93 TOAS
2025-08-29 00:18:55.003 | WARNING  | pint.models.troposphere_delay:_validate_altitudes:209 - Invalid altitude calculated for 93 TOAS
2025-08-29 00:18:55.147 | WARNING  | pint.models.troposphere_delay:_validate_altitudes:209 - Invalid altitude calculated for 93 TOAS
2025-08-29 00:18:55.312 | WARNING  | pint.models.troposphere_delay:_validate_altitudes:209 - Invalid altitude calculated for 93 TOAS
2025-08-29 00:18:55.443 | WARNING  | pint.models.troposphere_delay:_validate_altitudes:209 - Invalid altitude calculated for 93 TOAS
2025-08-29 00:18:55.576 | WARNING  | pint.models.troposphere_delay:_validate_altitudes:209 - Invalid altitude calculated for 93 TOAS
WARNING: Could not find pulsar distance for PSR J2229+2643. Setting value to 1 with 20% uncertainty.
2025-08-29 00:18:55.701 | WARNING  | pint.models.troposphere_delay:_validate_altitudes:209 - Invalid altitude calculated for 93 TOAS
/scratch/na00078/conda_envs/QuickCW/lib/python3.9/site-packages/pint/models/model_builder.py:198: UserWarning: Unrecognized parfile line 'EPHVER 5'
  warnings.warn(f"Unrecognized parfile line '{p_line}'", UserWarning)
2025-08-29 00:18:55.755 | DEBUG    | pint.toa:get_TOAs:193 - Using EPHEM = DE436 from the given model
2025-08-29 00:18:55.755 | DEBUG    | pint.toa:get_TOAs:209 - Using CLOCK = BIPM2015 from the given model
2025-08-29 00:18:55.848 | DEBUG    | pint.toa:__init__:1358 - No pulse number flags found in the TOAs
2025-08-29 00:18:55.849 | DEBUG    | pint.toa:apply_clock_corrections:2200 - Applying clock corrections (include_gps = True, include_bipm = True)
2025-08-29 00:18:55.931 | INFO     | pint.observatory:gps_correction:210 - Applying GPS to UTC clock correction (~few nanoseconds)
2025-08-29 00:18:55.932 | INFO     | pint.observatory:bipm_correction:217 - Applying TT(TAI) to TT(BIPM2015) clock correction (~27 us)
2025-08-29 00:18:55.933 | INFO     | pint.observatory.topo_obs:clock_corrections:365 - Observatory axis requires no clock corrections.
2025-08-29 00:18:56.022 | DEBUG    | pint.toa:compute_TDBs:2251 - Computing TDB columns.
2025-08-29 00:18:56.022 | DEBUG    | pint.toa:compute_TDBs:2272 - Using EPHEM = DE436 for TDB calculation.
2025-08-29 00:18:56.052 | DEBUG    | pint.toa:get_TOAs:312 - Planet PosVels will be calculated.
2025-08-29 00:18:56.052 | DEBUG    | pint.toa:compute_posvels:2345 - Computing PosVels of observatories, Earth and planets, using DE436
2025-08-29 00:19:06.081 | INFO     | pint.solar_system_ephemerides:_load_kernel_link:55 - Set solar system ephemeris to de436 from download
2025-08-29 00:19:06.136 | DEBUG    | pint.toa:compute_posvels:2403 - SSB obs pos [-1.47830022e+11  1.22017379e+10  5.28568677e+09] m
2025-08-29 00:19:16.160 | INFO     | pint.solar_system_ephemerides:_load_kernel_link:55 - Set solar system ephemeris to de436 from download
2025-08-29 00:19:26.190 | INFO     | pint.solar_system_ephemerides:_load_kernel_link:55 - Set solar system ephemeris to de436 from download
2025-08-29 00:19:36.216 | INFO     | pint.solar_system_ephemerides:_load_kernel_link:55 - Set solar system ephemeris to de436 from download
2025-08-29 00:19:46.243 | INFO     | pint.solar_system_ephemerides:_load_kernel_link:55 - Set solar system ephemeris to de436 from download
2025-08-29 00:19:56.271 | INFO     | pint.solar_system_ephemerides:_load_kernel_link:55 - Set solar system ephemeris to de436 from download
2025-08-29 00:20:06.300 | INFO     | pint.solar_system_ephemerides:_load_kernel_link:55 - Set solar system ephemeris to de436 from download
2025-08-29 00:20:16.356 | INFO     | pint.solar_system_ephemerides:_load_kernel_link:55 - Set solar system ephemeris to de436 from download
2025-08-29 00:20:16.360 | DEBUG    | pint.toa:compute_posvels:2417 - Adding columns ssb_obs_pos ssb_obs_vel obs_sun_pos obs_jupiter_pos obs_saturn_pos obs_venus_pos obs_uranus_pos obs_neptune_pos obs_earth_pos
2025-08-29 00:20:16.412 | WARNING  | pint.models.troposphere_delay:_validate_altitudes:209 - Invalid altitude calculated for 100 TOAS
2025-08-29 00:20:16.476 | WARNING  | pint.models.troposphere_delay:_validate_altitudes:209 - Invalid altitude calculated for 100 TOAS
2025-08-29 00:20:16.503 | DEBUG    | pint.models.absolute_phase:get_TZR_toa:98 - Creating and dealing with the single TZR_toa for absolute phase
2025-08-29 00:20:16.506 | DEBUG    | pint.toa:__init__:1358 - No pulse number flags found in the TOAs
2025-08-29 00:20:16.506 | DEBUG    | pint.toa:apply_clock_corrections:2200 - Applying clock corrections (include_gps = True, include_bipm = True)
2025-08-29 00:20:16.507 | INFO     | pint.observatory:gps_correction:210 - Applying GPS to UTC clock correction (~few nanoseconds)
2025-08-29 00:20:16.507 | INFO     | pint.observatory:bipm_correction:217 - Applying TT(TAI) to TT(BIPM2021) clock correction (~27 us)
2025-08-29 00:20:16.508 | INFO     | pint.observatory.topo_obs:clock_corrections:365 - Observatory axis requires no clock corrections.
2025-08-29 00:20:16.509 | DEBUG    | pint.toa:compute_TDBs:2251 - Computing TDB columns.
2025-08-29 00:20:16.509 | DEBUG    | pint.toa:compute_TDBs:2272 - Using EPHEM = DE436 for TDB calculation.
2025-08-29 00:20:16.512 | DEBUG    | pint.toa:compute_posvels:2345 - Computing PosVels of observatories, Earth and planets, using DE436
2025-08-29 00:20:26.538 | INFO     | pint.solar_system_ephemerides:_load_kernel_link:55 - Set solar system ephemeris to de436 from download
2025-08-29 00:20:26.550 | DEBUG    | pint.toa:compute_posvels:2403 - SSB obs pos [1.28074230e+10 1.34561609e+11 5.83190206e+10] m
2025-08-29 00:20:36.575 | INFO     | pint.solar_system_ephemerides:_load_kernel_link:55 - Set solar system ephemeris to de436 from download
2025-08-29 00:20:46.602 | INFO     | pint.solar_system_ephemerides:_load_kernel_link:55 - Set solar system ephemeris to de436 from download
2025-08-29 00:20:56.628 | INFO     | pint.solar_system_ephemerides:_load_kernel_link:55 - Set solar system ephemeris to de436 from download
2025-08-29 00:21:06.668 | INFO     | pint.solar_system_ephemerides:_load_kernel_link:55 - Set solar system ephemeris to de436 from download
2025-08-29 00:21:16.695 | INFO     | pint.solar_system_ephemerides:_load_kernel_link:55 - Set solar system ephemeris to de436 from download
2025-08-29 00:21:26.721 | INFO     | pint.solar_system_ephemerides:_load_kernel_link:55 - Set solar system ephemeris to de436 from download
2025-08-29 00:21:36.748 | INFO     | pint.solar_system_ephemerides:_load_kernel_link:55 - Set solar system ephemeris to de436 from download
2025-08-29 00:21:36.752 | DEBUG    | pint.toa:compute_posvels:2417 - Adding columns ssb_obs_pos ssb_obs_vel obs_sun_pos obs_jupiter_pos obs_saturn_pos obs_venus_pos obs_uranus_pos obs_neptune_pos obs_earth_pos
2025-08-29 00:21:36.753 | DEBUG    | pint.models.absolute_phase:get_TZR_toa:121 - Done with TZR_toa
2025-08-29 00:21:36.846 | WARNING  | pint.models.troposphere_delay:_validate_altitudes:209 - Invalid altitude calculated for 100 TOAS
2025-08-29 00:21:36.922 | WARNING  | pint.models.troposphere_delay:_validate_altitudes:209 - Invalid altitude calculated for 100 TOAS
2025-08-29 00:21:37.001 | WARNING  | pint.models.troposphere_delay:_validate_altitudes:209 - Invalid altitude calculated for 100 TOAS
2025-08-29 00:21:37.080 | WARNING  | pint.models.troposphere_delay:_validate_altitudes:209 - Invalid altitude calculated for 100 TOAS
2025-08-29 00:21:37.160 | WARNING  | pint.models.troposphere_delay:_validate_altitudes:209 - Invalid altitude calculated for 100 TOAS
2025-08-29 00:21:37.241 | WARNING  | pint.models.troposphere_delay:_validate_altitudes:209 - Invalid altitude calculated for 100 TOAS
2025-08-29 00:21:37.323 | WARNING  | pint.models.troposphere_delay:_validate_altitudes:209 - Invalid altitude calculated for 100 TOAS
2025-08-29 00:21:37.443 | WARNING  | pint.models.troposphere_delay:_validate_altitudes:209 - Invalid altitude calculated for 100 TOAS
2025-08-29 00:21:37.561 | WARNING  | pint.models.troposphere_delay:_validate_altitudes:209 - Invalid altitude calculated for 100 TOAS
2025-08-29 00:21:37.679 | WARNING  | pint.models.troposphere_delay:_validate_altitudes:209 - Invalid altitude calculated for 100 TOAS
2025-08-29 00:21:37.795 | WARNING  | pint.models.troposphere_delay:_validate_altitudes:209 - Invalid altitude calculated for 100 TOAS
2025-08-29 00:21:37.912 | WARNING  | pint.models.troposphere_delay:_validate_altitudes:209 - Invalid altitude calculated for 100 TOAS
2025-08-29 00:21:38.034 | WARNING  | pint.models.troposphere_delay:_validate_altitudes:209 - Invalid altitude calculated for 100 TOAS
[compat] Wrote: /scratch/na00078/projects/IPTA_MDC2/mdc2/group2/dataset_2/par_pint_compat/J0030+0451.par
[compat] Wrote: /scratch/na00078/projects/IPTA_MDC2/mdc2/group2/dataset_2/par_pint_compat/J0034-0534.par
[compat] Wrote: /scratch/na00078/projects/IPTA_MDC2/mdc2/group2/dataset_2/par_pint_compat/J0218+4232.par
[compat] Wrote: /scratch/na00078/projects/IPTA_MDC2/mdc2/group2/dataset_2/par_pint_compat/J0437-4715.par
[compat] Wrote: /scratch/na00078/projects/IPTA_MDC2/mdc2/group2/dataset_2/par_pint_compat/J0613-0200.par
[compat] Wrote: /scratch/na00078/projects/IPTA_MDC2/mdc2/group2/dataset_2/par_pint_compat/J0621+1002.par
[compat] Wrote: /scratch/na00078/projects/IPTA_MDC2/mdc2/group2/dataset_2/par_pint_compat/J0711-6830.par
[compat] Wrote: /scratch/na00078/projects/IPTA_MDC2/mdc2/group2/dataset_2/par_pint_compat/J0751+1807.par
[compat] Wrote: /scratch/na00078/projects/IPTA_MDC2/mdc2/group2/dataset_2/par_pint_compat/J0900-3144.par
[compat] Wrote: /scratch/na00078/projects/IPTA_MDC2/mdc2/group2/dataset_2/par_pint_compat/J1012+5307.par
[compat] Wrote: /scratch/na00078/projects/IPTA_MDC2/mdc2/group2/dataset_2/par_pint_compat/J1022+1001.par
[compat] Wrote: /scratch/na00078/projects/IPTA_MDC2/mdc2/group2/dataset_2/par_pint_compat/J1024-0719.par
[compat] Wrote: /scratch/na00078/projects/IPTA_MDC2/mdc2/group2/dataset_2/par_pint_compat/J1045-4509.par
[compat] Wrote: /scratch/na00078/projects/IPTA_MDC2/mdc2/group2/dataset_2/par_pint_compat/J1455-3330.par
[compat] Wrote: /scratch/na00078/projects/IPTA_MDC2/mdc2/group2/dataset_2/par_pint_compat/J1600-3053.par
[compat] Wrote: /scratch/na00078/projects/IPTA_MDC2/mdc2/group2/dataset_2/par_pint_compat/J1603-7202.par
[compat] Wrote: /scratch/na00078/projects/IPTA_MDC2/mdc2/group2/dataset_2/par_pint_compat/J1614-2230.par
[compat] Wrote: /scratch/na00078/projects/IPTA_MDC2/mdc2/group2/dataset_2/par_pint_compat/J1640+2224.par
[compat] Wrote: /scratch/na00078/projects/IPTA_MDC2/mdc2/group2/dataset_2/par_pint_compat/J1643-1224.par
[compat] Wrote: /scratch/na00078/projects/IPTA_MDC2/mdc2/group2/dataset_2/par_pint_compat/J1713+0747.par
[compat] Wrote: /scratch/na00078/projects/IPTA_MDC2/mdc2/group2/dataset_2/par_pint_compat/J1730-2304.par
[compat] Wrote: /scratch/na00078/projects/IPTA_MDC2/mdc2/group2/dataset_2/par_pint_compat/J1744-1134.par
[compat] Wrote: /scratch/na00078/projects/IPTA_MDC2/mdc2/group2/dataset_2/par_pint_compat/J1857+0943.par
[compat] Wrote: /scratch/na00078/projects/IPTA_MDC2/mdc2/group2/dataset_2/par_pint_compat/J1909-3744.par
[compat] Wrote: /scratch/na00078/projects/IPTA_MDC2/mdc2/group2/dataset_2/par_pint_compat/J1918-0642.par
[compat] Wrote: /scratch/na00078/projects/IPTA_MDC2/mdc2/group2/dataset_2/par_pint_compat/J1939+2134.par
[compat] Wrote: /scratch/na00078/projects/IPTA_MDC2/mdc2/group2/dataset_2/par_pint_compat/J1944+0907.par
[compat] Wrote: /scratch/na00078/projects/IPTA_MDC2/mdc2/group2/dataset_2/par_pint_compat/J2010-1323.par
[compat] Wrote: /scratch/na00078/projects/IPTA_MDC2/mdc2/group2/dataset_2/par_pint_compat/J2124-3358.par
[compat] Wrote: /scratch/na00078/projects/IPTA_MDC2/mdc2/group2/dataset_2/par_pint_compat/J2129-5721.par
[compat] Wrote: /scratch/na00078/projects/IPTA_MDC2/mdc2/group2/dataset_2/par_pint_compat/J2145-0750.par
[compat] Wrote: /scratch/na00078/projects/IPTA_MDC2/mdc2/group2/dataset_2/par_pint_compat/J2229+2643.par
[compat] Wrote: /scratch/na00078/projects/IPTA_MDC2/mdc2/group2/dataset_2/par_pint_compat/J2317+1439.par
[ok]   J0030+0451: 183 TOAs
[ok]   J0034-0534: 183 TOAs
[ok]   J0218+4232: 183 TOAs
[fail] J0437-4715: could not convert string to float: 'KIN'
[ok]   J0613-0200: 183 TOAs
[ok]   J0621+1002: 183 TOAs
[ok]   J0711-6830: 183 TOAs
[ok]   J0751+1807: 183 TOAs
[ok]   J0900-3144: 183 TOAs
[ok]   J1012+5307: 183 TOAs
[fail] J1022+1001: Attribute H3 not found in TimingModel or any Component
[ok]   J1024-0719: 183 TOAs
[ok]   J1045-4509: 183 TOAs
[ok]   J1455-3330: 183 TOAs
[fail] J1600-3053: Attribute H3 not found in TimingModel or any Component
[ok]   J1603-7202: 183 TOAs
[ok]   J1614-2230: 183 TOAs
[ok]   J1640+2224: 183 TOAs
[ok]   J1643-1224: 183 TOAs
[fail] J1713+0747: could not convert string to float: 'KIN'
[ok]   J1730-2304: 183 TOAs
[ok]   J1744-1134: 183 TOAs
[ok]   J1857+0943: 183 TOAs
[ok]   J1909-3744: 183 TOAs
[fail] J1918-0642: Attribute H3 not found in TimingModel or any Component
[ok]   J1939+2134: 183 TOAs
[ok]   J1944+0907: 183 TOAs
[ok]   J2010-1323: 183 TOAs
[ok]   J2124-3358: 183 TOAs
[ok]   J2129-5721: 183 TOAs
[ok]   J2145-0750: 183 TOAs
[ok]   J2229+2643: 183 TOAs
[ok]   J2317+1439: 183 TOAs
\nSummary
-------
Saved 28 pulsars (PINT) -> /scratch/na00078/projects/IPTA_MDC2/mdc2/group2/dataset_2/dataset2_all_pulsars_pint.pkl
Remaining skips: 5
  - J0437-4715.par -> could not convert string to float: 'KIN'
  - J1022+1001.par -> Attribute H3 not found in TimingModel or any Component
  - J1600-3053.par -> Attribute H3 not found in TimingModel or any Component
  - J1713+0747.par -> could not convert string to float: 'KIN'
  - J1918-0642.par -> Attribute H3 not found in TimingModel or any Component
Transformed PARs are in: /scratch/na00078/projects/IPTA_MDC2/mdc2/group2/dataset_2/par_pint_compat
Run complete.
